"Type","Description"
"Error","E21018: Enhanced Mobi building failure, while parsing content in the file. Content: <img> in file: /private/var/folders/26/56bpwjwj1jjdf17jfbmxt1d80000gp/T/5c3e734a-6dc2-4863-8b64-f62ebded4e7d/cTemp/mTemp/mobi-xzbQpM/381.html line: 142","","","",""
"Notice","W14010: media file not found  /towers.png","","","",""
"Notice","W14010: media file not found  /private/var/folders/26/56bpwjwj1jjdf17jfbmxt1d80000gp/T/5c3e734a-6dc2-4863-8b64-f62ebded4e7d/cTemp/mTemp/mobi-xzbQpM/521.html","","","",""
"Notice","W14010: media file not found  /private/var/folders/26/56bpwjwj1jjdf17jfbmxt1d80000gp/T/5c3e734a-6dc2-4863-8b64-f62ebded4e7d/cTemp/mTemp/mobi-xzbQpM/1121.html","","","",""
"Notice","W14010: media file not found  /private/var/folders/26/56bpwjwj1jjdf17jfbmxt1d80000gp/T/5c3e734a-6dc2-4863-8b64-f62ebded4e7d/cTemp/mTemp/mobi-xzbQpM/https:/releaf.site/sites/default/files/styles/large/public/img/IMG_7609.jpeg?itok=mlh4rfHb","","","",""
"Notice","W14010: media file not found  /private/var/folders/26/56bpwjwj1jjdf17jfbmxt1d80000gp/T/5c3e734a-6dc2-4863-8b64-f62ebded4e7d/cTemp/mTemp/mobi-xzbQpM/https:/releaf.site/sites/default/files/styles/large/public/img/IMG_7658.jpeg?itok=ffSTvChG","","","",""
"Notice","W14010: media file not found  /private/var/folders/26/56bpwjwj1jjdf17jfbmxt1d80000gp/T/5c3e734a-6dc2-4863-8b64-f62ebded4e7d/cTemp/mTemp/mobi-xzbQpM/128.html","","","",""
"Notice","W14010: media file not found  /private/var/folders/26/56bpwjwj1jjdf17jfbmxt1d80000gp/T/5c3e734a-6dc2-4863-8b64-f62ebded4e7d/cTemp/mTemp/mobi-xzbQpM/https:/releaf.site/sites/default/files/img/IMG_7175_Original.jpeg","","","",""
"Notice","W14010: media file not found  /private/var/folders/26/56bpwjwj1jjdf17jfbmxt1d80000gp/T/5c3e734a-6dc2-4863-8b64-f62ebded4e7d/cTemp/mTemp/mobi-xzbQpM/https:/releaf.site/sites/default/files/styles/dalle/public/img/IMG_7175_Original.jpeg?itok=ySYx5nWz","","","",""
"Notice","W14010: media file not found  /private/var/folders/26/56bpwjwj1jjdf17jfbmxt1d80000gp/T/5c3e734a-6dc2-4863-8b64-f62ebded4e7d/cTemp/mTemp/mobi-xzbQpM/sites/default/files/img/DALL·E 2023-06-13 07.09.30 - SolarPunk style Biomimicry & Fractals_ Magic for Plants. people of all ages walk near verdant towers.png","","","",""
"Notice","W14010: media file not found  /private/var/folders/26/56bpwjwj1jjdf17jfbmxt1d80000gp/T/5c3e734a-6dc2-4863-8b64-f62ebded4e7d/cTemp/sites/default/files/img/IMG_0027.jpg","","","",""
"Notice","W14010: media file not found  /private/var/folders/26/56bpwjwj1jjdf17jfbmxt1d80000gp/T/5c3e734a-6dc2-4863-8b64-f62ebded4e7d/cTemp/sites/default/files/styles/dalle/public/img/IMG_0027cded.jpg?itok=aFe3-nSs","","","",""
"Notice","W14010: media file not found  /private/var/folders/26/56bpwjwj1jjdf17jfbmxt1d80000gp/T/5c3e734a-6dc2-4863-8b64-f62ebded4e7d/cTemp/mTemp/sites/default/files/inline-images/geometron_cover.png","","","",""
"Notice","W14010: media file not found  /private/var/folders/26/56bpwjwj1jjdf17jfbmxt1d80000gp/T/5c3e734a-6dc2-4863-8b64-f62ebded4e7d/cTemp/mTemp/sites/default/files/img/DALL·E 2023-06-13 07.09.30 - SolarPunk style Biomimicry & Fractals_ Magic for Plants. people of all ages walk near verdant towers.png","","","",""
"Notice","W14010: media file not found  /private/var/folders/26/56bpwjwj1jjdf17jfbmxt1d80000gp/T/5c3e734a-6dc2-4863-8b64-f62ebded4e7d/sites/default/files/img/DALL·E 2023-06-13 07.09.30 - SolarPunk style Biomimicry & Fractals_ Magic for Plants. people of all ages walk near verdant towers.png","","","",""
"Notice","W14010: media file not found  /private/var/folders/26/56bpwjwj1jjdf17jfbmxt1d80000gp/T/5c3e734a-6dc2-4863-8b64-f62ebded4e7d/cTemp/mTemp/mobi-xzbQpM/https:/camo.githubusercontent.com/b2b6fcb74cd4a3bc06e6ff5df2853247f2fd01344b3bb567cee085453b784ba5/68747470733a2f2f692e696d6775722e636f6d2f4f45636d3155442e706e67","","","",""
"Notice","W14010: media file not found  /private/var/folders/26/56bpwjwj1jjdf17jfbmxt1d80000gp/T/5c3e734a-6dc2-4863-8b64-f62ebded4e7d/cTemp/mTemp/mobi-xzbQpM/https:/camo.githubusercontent.com/95c64995b63ab0098dbde5f9fdf2f9b25601be3bc134554ed062acb239072f8b/68747470733a2f2f692e696d6775722e636f6d2f6e6150493356772e706e67","","","",""
"Notice","W14010: media file not found  /private/var/folders/26/56bpwjwj1jjdf17jfbmxt1d80000gp/T/5c3e734a-6dc2-4863-8b64-f62ebded4e7d/cTemp/mTemp/mobi-xzbQpM/https:/camo.githubusercontent.com/4a703e2c22bb6838bf59061ba2c5bcbe304b6f8aee89b1b74065ea881fd1587e/68747470733a2f2f692e696d6775722e636f6d2f5a3633573943792e706e67","","","",""
"Notice","W14010: media file not found  /private/var/folders/26/56bpwjwj1jjdf17jfbmxt1d80000gp/T/5c3e734a-6dc2-4863-8b64-f62ebded4e7d/cTemp/mTemp/mobi-xzbQpM/https:/camo.githubusercontent.com/5799433251f9c2d3a77a31d1a380fb265eb35f9f222a0c27347a7c9cf5a44adf/68747470733a2f2f692e696d6775722e636f6d2f683158634272422e706e67","","","",""
"Notice","W14010: media file not found  /private/var/folders/26/56bpwjwj1jjdf17jfbmxt1d80000gp/T/5c3e734a-6dc2-4863-8b64-f62ebded4e7d/cTemp/mTemp/mobi-xzbQpM/https:/camo.githubusercontent.com/919e4d4f66cd75466ac215bcbcd165e4a94dac7647390540cbb664c55d6da5fb/68747470733a2f2f692e696d6775722e636f6d2f4f376931774a752e706e67","","","",""
"Notice","W14010: media file not found  /private/var/folders/26/56bpwjwj1jjdf17jfbmxt1d80000gp/T/5c3e734a-6dc2-4863-8b64-f62ebded4e7d/cTemp/mTemp/mobi-xzbQpM/https:/camo.githubusercontent.com/fe0bbdb8de2abfe642fb4b3d1c762d11d0b133ff6ae1a0d75ba5e39a3a38bf7f/68747470733a2f2f692e696d6775722e636f6d2f624a74587333412e706e67","","","",""
"Notice","W14010: media file not found  /private/var/folders/26/56bpwjwj1jjdf17jfbmxt1d80000gp/T/5c3e734a-6dc2-4863-8b64-f62ebded4e7d/cTemp/mTemp/mobi-xzbQpM/https:/camo.githubusercontent.com/9a469240a5a4ef62c47c035b4d2b06acea6ae5a6be9194b31d1faa50cce8938f/68747470733a2f2f692e696d6775722e636f6d2f30784e595a78672e706e67","","","",""
"Notice","W14010: media file not found  /private/var/folders/26/56bpwjwj1jjdf17jfbmxt1d80000gp/T/5c3e734a-6dc2-4863-8b64-f62ebded4e7d/cTemp/mTemp/mobi-xzbQpM/https:/camo.githubusercontent.com/e049695b4ef382136624cb13f2e99fedbad6bac501df130527436cf47189c12a/68747470733a2f2f692e696d6775722e636f6d2f506b31574d43392e706e67","","","",""
"Notice","W14010: media file not found  /private/var/folders/26/56bpwjwj1jjdf17jfbmxt1d80000gp/T/5c3e734a-6dc2-4863-8b64-f62ebded4e7d/cTemp/mTemp/mobi-xzbQpM/https:/camo.githubusercontent.com/63a2710cc42e7d2aa2a47246a5c632fea7627f95d80bb9073732144efdbbae13/68747470733a2f2f692e696d6775722e636f6d2f6238496c6364452e706e67","","","",""
"Notice","W14010: media file not found  /private/var/folders/26/56bpwjwj1jjdf17jfbmxt1d80000gp/T/5c3e734a-6dc2-4863-8b64-f62ebded4e7d/cTemp/mTemp/mobi-xzbQpM/https:/camo.githubusercontent.com/e2776ad2ea891162d46cf5319bb3c7a0e356fd58504e6c7bdcdd73cffaeb7015/68747470733a2f2f692e696d6775722e636f6d2f6c6842487145412e706e67","","","",""
"Notice","W14010: media file not found  /private/var/folders/26/56bpwjwj1jjdf17jfbmxt1d80000gp/T/5c3e734a-6dc2-4863-8b64-f62ebded4e7d/cTemp/mTemp/mobi-xzbQpM/https:/camo.githubusercontent.com/6ec0eddb7873a17305d4dd81c8b26e5b354282557c38b0d697da257895e0ad19/68747470733a2f2f692e696d6775722e636f6d2f4175596254394c2e706e67","","","",""
"Notice","W14010: media file not found  /private/var/folders/26/56bpwjwj1jjdf17jfbmxt1d80000gp/T/5c3e734a-6dc2-4863-8b64-f62ebded4e7d/cTemp/mTemp/mobi-xzbQpM/https:/camo.githubusercontent.com/72e8984e3318b3b076fb09c82c48021f83035e33e9fecb22fea21ab0ade115e0/68747470733a2f2f692e696d6775722e636f6d2f4d6a37506f444d2e706e67","","","",""
"Notice","W14010: media file not found  /private/var/folders/26/56bpwjwj1jjdf17jfbmxt1d80000gp/T/5c3e734a-6dc2-4863-8b64-f62ebded4e7d/cTemp/mTemp/mobi-xzbQpM/https:/camo.githubusercontent.com/4a6df45d1af275c84f47d6af12f9a54b8d36e15367e0fc0d869701bdfc6c84e2/68747470733a2f2f692e696d6775722e636f6d2f64486c614d75742e706e67","","","",""
"Notice","W14010: media file not found  /private/var/folders/26/56bpwjwj1jjdf17jfbmxt1d80000gp/T/5c3e734a-6dc2-4863-8b64-f62ebded4e7d/cTemp/mTemp/mobi-xzbQpM/https:/camo.githubusercontent.com/240c0c7babb167a91856f8d1448cffba874b9b6416863bc2fbbf84f7f09103fc/68747470733a2f2f692e696d6775722e636f6d2f61494542684c562e706e67","","","",""
"Notice","W14010: media file not found  /private/var/folders/26/56bpwjwj1jjdf17jfbmxt1d80000gp/T/5c3e734a-6dc2-4863-8b64-f62ebded4e7d/cTemp/mTemp/mobi-xzbQpM/https:/camo.githubusercontent.com/aa3062d6c20f677a5740b0aafb01344dc5c9cc45fee0abcc10835abf55025984/68747470733a2f2f692e696d6775722e636f6d2f6951646869516f2e706e67","","","",""
"Notice","W14010: media file not found  /private/var/folders/26/56bpwjwj1jjdf17jfbmxt1d80000gp/T/5c3e734a-6dc2-4863-8b64-f62ebded4e7d/cTemp/mTemp/mobi-xzbQpM/https:/camo.githubusercontent.com/9de181a2ac281ac85364131eda73e4f9a189506a25b53ccec93ded2414ee5c8b/68747470733a2f2f692e696d6775722e636f6d2f714e456f6874652e706e67","","","",""
"Notice","W14010: media file not found  /private/var/folders/26/56bpwjwj1jjdf17jfbmxt1d80000gp/T/5c3e734a-6dc2-4863-8b64-f62ebded4e7d/cTemp/mTemp/mobi-xzbQpM/https:/camo.githubusercontent.com/c8af3e6f81b9ae024a86cb8b39ce6fef62a06e1a077a94f557f627477f1cc590/68747470733a2f2f692e696d6775722e636f6d2f4f6b7a78454b512e706e67","","","",""
"Notice","W14010: media file not found  /private/var/folders/26/56bpwjwj1jjdf17jfbmxt1d80000gp/T/5c3e734a-6dc2-4863-8b64-f62ebded4e7d/cTemp/mTemp/mobi-xzbQpM/https:/camo.githubusercontent.com/dc5d06a9068f52c5f56c568897613ecfeb354b479410878221ad9701c8a91c99/68747470733a2f2f692e696d6775722e636f6d2f345537726d33712e706e67","","","",""
"Notice","W14010: media file not found  /private/var/folders/26/56bpwjwj1jjdf17jfbmxt1d80000gp/T/5c3e734a-6dc2-4863-8b64-f62ebded4e7d/cTemp/mTemp/mobi-xzbQpM/https:/camo.githubusercontent.com/e43605068d6ac562fdb6b4f99d8d77f193bbc14cbee15e3f5730bb3fa3008065/68747470733a2f2f692e696d6775722e636f6d2f5939665855534e2e706e67","","","",""
"Notice","W14010: media file not found  /private/var/folders/26/56bpwjwj1jjdf17jfbmxt1d80000gp/T/5c3e734a-6dc2-4863-8b64-f62ebded4e7d/cTemp/mTemp/mobi-xzbQpM/https:/camo.githubusercontent.com/dff4ad85a0db93777547963523610aa12c23277c5c9ef9e0eec968842ee88fd0/68747470733a2f2f692e696d6775722e636f6d2f436e704659447a2e706e67","","","",""
"Notice","W14010: media file not found  /private/var/folders/26/56bpwjwj1jjdf17jfbmxt1d80000gp/T/5c3e734a-6dc2-4863-8b64-f62ebded4e7d/cTemp/mTemp/mobi-xzbQpM/https:/camo.githubusercontent.com/815e0407ddd17b5a7c7a41b8bafe751a64a6f92b30682fcb2655962d7dfae967/68747470733a2f2f692e696d6775722e636f6d2f537664766d43482e706e67","","","",""
"Notice","W14010: media file not found  /private/var/folders/26/56bpwjwj1jjdf17jfbmxt1d80000gp/T/5c3e734a-6dc2-4863-8b64-f62ebded4e7d/cTemp/mTemp/mobi-xzbQpM/https:/camo.githubusercontent.com/77e8c728020547a8d36fe2788b5131bbd5688a2cbd97e3017eb258dfd8746623/68747470733a2f2f692e696d6775722e636f6d2f667444656e524a2e706e67","","","",""
"Notice","W14010: media file not found  /private/var/folders/26/56bpwjwj1jjdf17jfbmxt1d80000gp/T/5c3e734a-6dc2-4863-8b64-f62ebded4e7d/cTemp/mTemp/mobi-xzbQpM/https:/camo.githubusercontent.com/b3b6ff1257b12df1e484255f21232a771be2f8586904f4e4398e24e4ea475260/68747470733a2f2f692e696d6775722e636f6d2f415837674934762e706e67","","","",""
"Notice","W14010: media file not found  /private/var/folders/26/56bpwjwj1jjdf17jfbmxt1d80000gp/T/5c3e734a-6dc2-4863-8b64-f62ebded4e7d/cTemp/mTemp/mobi-xzbQpM/https:/camo.githubusercontent.com/77b994af57013bfc84290b6a21ed89b927a755b87bb1f3908b01bb586190fe3d/68747470733a2f2f692e696d6775722e636f6d2f7871524f516f4e2e706e67","","","",""
"Notice","W14010: media file not found  /private/var/folders/26/56bpwjwj1jjdf17jfbmxt1d80000gp/T/5c3e734a-6dc2-4863-8b64-f62ebded4e7d/cTemp/mTemp/mobi-xzbQpM/https:/camo.githubusercontent.com/9ce597ebfb208b65ccbbade6374f385fb55acfeba7d5b93c8c777d05f486e670/68747470733a2f2f692e696d6775722e636f6d2f774f345847514c2e706e67","","","",""
"Notice","W14010: media file not found  /private/var/folders/26/56bpwjwj1jjdf17jfbmxt1d80000gp/T/5c3e734a-6dc2-4863-8b64-f62ebded4e7d/cTemp/mTemp/mobi-xzbQpM/https:/camo.githubusercontent.com/3ada9fff15dcf8a1a7da0fd6a935354df8b4fc2338287f9efa696e5b9c688ab9/68747470733a2f2f692e696d6775722e636f6d2f6e54696269484e2e706e67","","","",""
"Notice","W14010: media file not found  /private/var/folders/26/56bpwjwj1jjdf17jfbmxt1d80000gp/T/5c3e734a-6dc2-4863-8b64-f62ebded4e7d/cTemp/mTemp/mobi-xzbQpM/https:/camo.githubusercontent.com/d41bdba6c22657c46e39b9dda6a0c78f7b8943f27385afbc7fe4ed78d3bb1fb0/68747470733a2f2f692e696d6775722e636f6d2f70506649394c4b2e706e67","","","",""
"Notice","W14010: media file not found  /private/var/folders/26/56bpwjwj1jjdf17jfbmxt1d80000gp/T/5c3e734a-6dc2-4863-8b64-f62ebded4e7d/cTemp/mTemp/mobi-xzbQpM/https:/camo.githubusercontent.com/c21a968e99d58cb4bc1419f023f5df6fe5155d2492b3f9a3e4a24a54987ee327/68747470733a2f2f692e696d6775722e636f6d2f7057536e6b65662e706e67","","","",""
"Notice","W14010: media file not found  /private/var/folders/26/56bpwjwj1jjdf17jfbmxt1d80000gp/T/5c3e734a-6dc2-4863-8b64-f62ebded4e7d/cTemp/mTemp/mobi-xzbQpM/https:/camo.githubusercontent.com/0e0d873c8092b5c4cbd80c87368076aa648b27a6e906cdd322f94947fd8cff6c/68747470733a2f2f692e696d6775722e636f6d2f3532473176316b2e706e67","","","",""
"Notice","W14010: media file not found  /private/var/folders/26/56bpwjwj1jjdf17jfbmxt1d80000gp/T/5c3e734a-6dc2-4863-8b64-f62ebded4e7d/cTemp/mTemp/mobi-xzbQpM/https:/camo.githubusercontent.com/ec4d47231145dea871d34e40da887b9445b5973b81ec69e1beeeeeeb8fbe3ed1/68747470733a2f2f692e696d6775722e636f6d2f4c4b61374d47302e706e67","","","",""
"Notice","W14010: media file not found  /private/var/folders/26/56bpwjwj1jjdf17jfbmxt1d80000gp/T/5c3e734a-6dc2-4863-8b64-f62ebded4e7d/cTemp/mTemp/mobi-xzbQpM/https:/camo.githubusercontent.com/83f48100bd3ca927ec58fed4c0142ddf4b011dd4d0185596e9ba837bb5122041/68747470733a2f2f692e696d6775722e636f6d2f47534b4a3964522e706e67","","","",""
"Notice","W14010: media file not found  /private/var/folders/26/56bpwjwj1jjdf17jfbmxt1d80000gp/T/5c3e734a-6dc2-4863-8b64-f62ebded4e7d/cTemp/mTemp/mobi-xzbQpM/https:/camo.githubusercontent.com/c8eb983128b76e8f4d8f71b8b5672f23cc3d7dfff6c51f8930e7136d1a44d118/68747470733a2f2f692e696d6775722e636f6d2f4250355374324c2e706e67","","","",""
"Notice","W14010: media file not found  /private/var/folders/26/56bpwjwj1jjdf17jfbmxt1d80000gp/T/5c3e734a-6dc2-4863-8b64-f62ebded4e7d/cTemp/mTemp/mobi-xzbQpM/https:/camo.githubusercontent.com/b611ab43c796a44c30ab1d25f96292f894f72b0a69f875772f45532afdc8953b/68747470733a2f2f692e696d6775722e636f6d2f357a6177464f6b2e706e67","","","",""
"Notice","W14010: media file not found  /private/var/folders/26/56bpwjwj1jjdf17jfbmxt1d80000gp/T/5c3e734a-6dc2-4863-8b64-f62ebded4e7d/cTemp/mTemp/mobi-xzbQpM/https:/camo.githubusercontent.com/cd7a4ce3c7ac3fb0b4b1c09d84f728bcef373d7946d80ab475a367ebba1bc14e/68747470733a2f2f692e696d6775722e636f6d2f7a3846414e705a2e706e67","","","",""
"Notice","W14010: media file not found  /private/var/folders/26/56bpwjwj1jjdf17jfbmxt1d80000gp/T/5c3e734a-6dc2-4863-8b64-f62ebded4e7d/cTemp/mTemp/mobi-xzbQpM/https:/camo.githubusercontent.com/3b71dfb783b340b8352572ee43d1beb71483ffd1b492858e6121c53b1c6c77a1/68747470733a2f2f692e696d6775722e636f6d2f74624378384b4d2e706e67","","","",""
"Notice","W14010: media file not found  /private/var/folders/26/56bpwjwj1jjdf17jfbmxt1d80000gp/T/5c3e734a-6dc2-4863-8b64-f62ebded4e7d/cTemp/mTemp/mobi-xzbQpM/https:/camo.githubusercontent.com/15391dbd276444a42a57c43ee625bb72e098f8017265639a86c2e067541d0e3f/68747470733a2f2f692e696d6775722e636f6d2f6e5a4e446a794d2e706e67","","","",""
"Notice","W14010: media file not found  /private/var/folders/26/56bpwjwj1jjdf17jfbmxt1d80000gp/T/5c3e734a-6dc2-4863-8b64-f62ebded4e7d/cTemp/mTemp/mobi-xzbQpM/https:/camo.githubusercontent.com/352b754eb0ea1b12dbb3a19017c810f5090937b484d490fd978dc4736e7c8123/68747470733a2f2f692e696d6775722e636f6d2f6e6859376e70442e706e67","","","",""
"Notice","W14010: media file not found  /private/var/folders/26/56bpwjwj1jjdf17jfbmxt1d80000gp/T/5c3e734a-6dc2-4863-8b64-f62ebded4e7d/cTemp/mTemp/mobi-xzbQpM/https:/camo.githubusercontent.com/65ba1667a1bb7c2e97e23128e2d82325649c2f7398904e3e70910704593bf378/68747470733a2f2f692e696d6775722e636f6d2f574d376f4f646f2e706e67","","","",""
"Notice","W14010: media file not found  /private/var/folders/26/56bpwjwj1jjdf17jfbmxt1d80000gp/T/5c3e734a-6dc2-4863-8b64-f62ebded4e7d/cTemp/mTemp/mobi-xzbQpM/https:/camo.githubusercontent.com/b7d80b0ea9236ddc145a765032c01121674c676c2de287e30211f5929982a0ee/68747470733a2f2f692e696d6775722e636f6d2f595836366874422e706e67","","","",""
"Notice","W14010: media file not found  /private/var/folders/26/56bpwjwj1jjdf17jfbmxt1d80000gp/T/5c3e734a-6dc2-4863-8b64-f62ebded4e7d/cTemp/mTemp/mobi-xzbQpM/https:/camo.githubusercontent.com/e1fac7a146b80c046eb1321fd58f2ce99e7efb749cc1911cb494aaa893c3b506/68747470733a2f2f692e696d6775722e636f6d2f7756504d6e66452e706e67","","","",""
"Notice","W14010: media file not found  /private/var/folders/26/56bpwjwj1jjdf17jfbmxt1d80000gp/T/5c3e734a-6dc2-4863-8b64-f62ebded4e7d/cTemp/mTemp/mobi-xzbQpM/https:/camo.githubusercontent.com/c055e4c740462579aa46acae76d9c9e85f2aa984883c27d0622f130973a7a284/68747470733a2f2f692e696d6775722e636f6d2f486752753254742e706e67","","","",""
"Notice","W14010: media file not found  /private/var/folders/26/56bpwjwj1jjdf17jfbmxt1d80000gp/T/5c3e734a-6dc2-4863-8b64-f62ebded4e7d/cTemp/mTemp/mobi-xzbQpM/https:/camo.githubusercontent.com/c2acf55d26a5cb2f7ad9f3edc033d95aafb9d120689ccd089462fe0a81185f4d/68747470733a2f2f692e696d6775722e636f6d2f4d4d7a6831614f2e706e67","","","",""
"Notice","W14010: media file not found  /private/var/folders/26/56bpwjwj1jjdf17jfbmxt1d80000gp/T/5c3e734a-6dc2-4863-8b64-f62ebded4e7d/cTemp/mTemp/mobi-xzbQpM/https:/camo.githubusercontent.com/828aef35a67b4b9d5108b0df039d117b87331a27939f6f04d6d6dfa2013cf9d8/68747470733a2f2f692e696d6775722e636f6d2f787377323656362e706e67","","","",""
"Notice","W14010: media file not found  /private/var/folders/26/56bpwjwj1jjdf17jfbmxt1d80000gp/T/5c3e734a-6dc2-4863-8b64-f62ebded4e7d/cTemp/mTemp/mobi-xzbQpM/https:/camo.githubusercontent.com/06bbfc92911616665747a441977e85bfef57b0ca5aa4efd48b633f4c5862a671/68747470733a2f2f692e696d6775722e636f6d2f734b554c6430562e706e67","","","",""
"Notice","W14010: media file not found  /private/var/folders/26/56bpwjwj1jjdf17jfbmxt1d80000gp/T/5c3e734a-6dc2-4863-8b64-f62ebded4e7d/cTemp/mTemp/mobi-xzbQpM/https:/camo.githubusercontent.com/47fa1d09631f75c041c3a0e8b9e0de4dc5861eabe4b4bb84fde8903ea2d12cbf/68747470733a2f2f692e696d6775722e636f6d2f483043534431612e706e67","","","",""
"Notice","W14010: media file not found  /private/var/folders/26/56bpwjwj1jjdf17jfbmxt1d80000gp/T/5c3e734a-6dc2-4863-8b64-f62ebded4e7d/cTemp/mTemp/mobi-xzbQpM/https:/camo.githubusercontent.com/a53525c6c393daf2036e6a1d46e6242d8e8e6c74cd72015af8e94286f1a4d7b2/68747470733a2f2f692e696d6775722e636f6d2f677031447937612e706e67","","","",""
"Notice","W14010: media file not found  /private/var/folders/26/56bpwjwj1jjdf17jfbmxt1d80000gp/T/5c3e734a-6dc2-4863-8b64-f62ebded4e7d/cTemp/mTemp/mobi-xzbQpM/https:/camo.githubusercontent.com/83510c13ce295454a103171f3151bdaa4d24be9bdc313ca048fbe27ea651c50c/68747470733a2f2f692e696d6775722e636f6d2f6238624d4d436f2e706e67","","","",""
"Notice","W14010: media file not found  /private/var/folders/26/56bpwjwj1jjdf17jfbmxt1d80000gp/T/5c3e734a-6dc2-4863-8b64-f62ebded4e7d/cTemp/mTemp/mobi-xzbQpM/https:/camo.githubusercontent.com/9aa75f2c819575d6461737af3e53586d6faaecc94096a3708feaa85ade3e22bb/68747470733a2f2f692e696d6775722e636f6d2f6a54737052374a2e706e67","","","",""
"Notice","W14010: media file not found  /private/var/folders/26/56bpwjwj1jjdf17jfbmxt1d80000gp/T/5c3e734a-6dc2-4863-8b64-f62ebded4e7d/cTemp/mTemp/mobi-xzbQpM/https:/camo.githubusercontent.com/0ee9513c1f10d03b452b666a5cba3f3981e18b07eca268b02c3f41bd7eb780b2/68747470733a2f2f692e696d6775722e636f6d2f50696b464842422e706e67","","","",""
"Notice","W14010: media file not found  /private/var/folders/26/56bpwjwj1jjdf17jfbmxt1d80000gp/T/5c3e734a-6dc2-4863-8b64-f62ebded4e7d/cTemp/mTemp/mobi-xzbQpM/https:/camo.githubusercontent.com/0f3eb6bdaf723a54d3a0a617389cde61a2cb8a31259e48e3f3c3fdad83824c40/68747470733a2f2f692e696d6775722e636f6d2f67377a577762642e706e67","","","",""
"Notice","W14010: media file not found  /private/var/folders/26/56bpwjwj1jjdf17jfbmxt1d80000gp/T/5c3e734a-6dc2-4863-8b64-f62ebded4e7d/cTemp/mTemp/mobi-xzbQpM/https:/camo.githubusercontent.com/e3e0f49c42084cee92c567e7d53074990f81214f1c15b8a1c0cf73c98b8171b1/68747470733a2f2f692e696d6775722e636f6d2f68466d346b48492e706e67","","","",""
"Notice","W14010: media file not found  /private/var/folders/26/56bpwjwj1jjdf17jfbmxt1d80000gp/T/5c3e734a-6dc2-4863-8b64-f62ebded4e7d/cTemp/mTemp/mobi-xzbQpM/https:/camo.githubusercontent.com/38f4660125e79d264dbe3d1edfe2d02094c63376e87495f86a31a86c055778c2/68747470733a2f2f692e696d6775722e636f6d2f653847664641332e706e67","","","",""
"Notice","W14010: media file not found  /private/var/folders/26/56bpwjwj1jjdf17jfbmxt1d80000gp/T/5c3e734a-6dc2-4863-8b64-f62ebded4e7d/cTemp/mTemp/mobi-xzbQpM/https:/camo.githubusercontent.com/611800d4c40c2d96f1b6c10175ec07c28babc13b4b378e56fd2ed852527f56b3/68747470733a2f2f692e696d6775722e636f6d2f35546a4e6648582e706e67","","","",""
"Notice","W14010: media file not found  /private/var/folders/26/56bpwjwj1jjdf17jfbmxt1d80000gp/T/5c3e734a-6dc2-4863-8b64-f62ebded4e7d/cTemp/mTemp/mobi-xzbQpM/https:/camo.githubusercontent.com/194adf39ae8f2c683f52d450bb44eb350d23c62e07ddf9b2263a98fe1db033f6/68747470733a2f2f692e696d6775722e636f6d2f564f75485951392e706e67","","","",""
"Notice","W14010: media file not found  /private/var/folders/26/56bpwjwj1jjdf17jfbmxt1d80000gp/T/5c3e734a-6dc2-4863-8b64-f62ebded4e7d/cTemp/mTemp/mobi-xzbQpM/https:/camo.githubusercontent.com/5f6678bc41379b69644b95726c763cf8f6ec8591b4782e32d61b30fbb4e52572/68747470733a2f2f692e696d6775722e636f6d2f583848446b31412e706e67","","","",""
"Notice","W14010: media file not found  /private/var/folders/26/56bpwjwj1jjdf17jfbmxt1d80000gp/T/5c3e734a-6dc2-4863-8b64-f62ebded4e7d/cTemp/mTemp/mobi-xzbQpM/https:/camo.githubusercontent.com/7d6bea5eaddf63521a6f7a69eff69b86f986c9792051f037087fd935e31cf8f5/68747470733a2f2f692e696d6775722e636f6d2f4e646c696b566e2e706e67","","","",""
"Notice","W14010: media file not found  /private/var/folders/26/56bpwjwj1jjdf17jfbmxt1d80000gp/T/5c3e734a-6dc2-4863-8b64-f62ebded4e7d/cTemp/mTemp/mobi-xzbQpM/https:/camo.githubusercontent.com/88355721ef5af28d3cbe66ea7795b945e50d0b2d6dc5c32da8795cbdd9ecce92/68747470733a2f2f692e696d6775722e636f6d2f493066715876612e706e67","","","",""
"Notice","W14010: media file not found  /private/var/folders/26/56bpwjwj1jjdf17jfbmxt1d80000gp/T/5c3e734a-6dc2-4863-8b64-f62ebded4e7d/cTemp/mTemp/mobi-xzbQpM/https:/camo.githubusercontent.com/cfa2a6131d0189f7757c79ce7fc9de040e1018b7dbabaa3aba2041dcc2dbe4db/68747470733a2f2f692e696d6775722e636f6d2f4e67656c494b532e706e67","","","",""
"Notice","W14010: media file not found  /private/var/folders/26/56bpwjwj1jjdf17jfbmxt1d80000gp/T/5c3e734a-6dc2-4863-8b64-f62ebded4e7d/cTemp/mTemp/mobi-xzbQpM/https:/camo.githubusercontent.com/ba081bbc4eadcaea27b3caa9921eb8247154a8f1f972a8c2f7449eaf656c078b/68747470733a2f2f692e696d6775722e636f6d2f585432774348462e706e67","","","",""
"Notice","W14010: media file not found  /private/var/folders/26/56bpwjwj1jjdf17jfbmxt1d80000gp/T/5c3e734a-6dc2-4863-8b64-f62ebded4e7d/cTemp/mTemp/mobi-xzbQpM/https:/camo.githubusercontent.com/73252dfc42feb427796188773575bec8737dff1bde53bd559f281eaefa216106/68747470733a2f2f692e696d6775722e636f6d2f633459686b45322e706e67","","","",""
"Notice","W14010: media file not found  /private/var/folders/26/56bpwjwj1jjdf17jfbmxt1d80000gp/T/5c3e734a-6dc2-4863-8b64-f62ebded4e7d/cTemp/mTemp/mobi-xzbQpM/https:/camo.githubusercontent.com/dd4040e3cfa48e4ecd1d33f446cc54609bff2a4df64136613a8613ae98fcbd26/68747470733a2f2f692e696d6775722e636f6d2f724973705a67732e706e67","","","",""
"Notice","W14010: media file not found  /private/var/folders/26/56bpwjwj1jjdf17jfbmxt1d80000gp/T/5c3e734a-6dc2-4863-8b64-f62ebded4e7d/cTemp/mTemp/mobi-xzbQpM/https:/camo.githubusercontent.com/1919d5b1c44e052725f502a93cf07dde449fcd63ee6d88862b09f88c86473a64/68747470733a2f2f692e696d6775722e636f6d2f384f63586579312e706e67","","","",""
"Notice","W14010: media file not found  /private/var/folders/26/56bpwjwj1jjdf17jfbmxt1d80000gp/T/5c3e734a-6dc2-4863-8b64-f62ebded4e7d/cTemp/mTemp/mobi-xzbQpM/https:/camo.githubusercontent.com/93fccdb31cb958c3dec8a4a6949bd350431a2117d12a70354c0e901d3add74ff/68747470733a2f2f692e696d6775722e636f6d2f4b317734626b382e706e67","","","",""
"Notice","W14010: media file not found  /private/var/folders/26/56bpwjwj1jjdf17jfbmxt1d80000gp/T/5c3e734a-6dc2-4863-8b64-f62ebded4e7d/cTemp/mTemp/mobi-xzbQpM/https:/camo.githubusercontent.com/c50f547679204a0cc9254bc314561486ed0eaf2263262283d172d0ab765e6406/68747470733a2f2f692e696d6775722e636f6d2f544c38636645442e706e67","","","",""
"Notice","W14010: media file not found  /private/var/folders/26/56bpwjwj1jjdf17jfbmxt1d80000gp/T/5c3e734a-6dc2-4863-8b64-f62ebded4e7d/cTemp/mTemp/mobi-xzbQpM/https:/camo.githubusercontent.com/10ddab2a6095aeebee2841bed133119e1aa152c41f6d9cdeef748d2259a136cb/68747470733a2f2f692e696d6775722e636f6d2f557955655839662e706e67","","","",""
"Notice","W14010: media file not found  /private/var/folders/26/56bpwjwj1jjdf17jfbmxt1d80000gp/T/5c3e734a-6dc2-4863-8b64-f62ebded4e7d/cTemp/mTemp/mobi-xzbQpM/https:/camo.githubusercontent.com/d14280ab9dc1743e1263886b658b4964679c3bc592a4e53a3cc55e2432d2fc80/68747470733a2f2f692e696d6775722e636f6d2f39547036754d4a2e706e67","","","",""
"Notice","W14010: media file not found  /private/var/folders/26/56bpwjwj1jjdf17jfbmxt1d80000gp/T/5c3e734a-6dc2-4863-8b64-f62ebded4e7d/cTemp/mTemp/mobi-xzbQpM/https:/camo.githubusercontent.com/43f1e9421fca6aa8d86c40f8c27dea4d80c57cb0f4ff0a877fd9a133375e4770/68747470733a2f2f692e696d6775722e636f6d2f3256317039776d2e706e67","","","",""
"Notice","W14010: media file not found  /private/var/folders/26/56bpwjwj1jjdf17jfbmxt1d80000gp/T/5c3e734a-6dc2-4863-8b64-f62ebded4e7d/cTemp/mTemp/mobi-xzbQpM/https:/camo.githubusercontent.com/f0667aa54e8bcaa6a4d2f34bf36b49bf969f3afe911c09d8e50c84101ad45056/68747470733a2f2f692e696d6775722e636f6d2f4b3247434d63512e706e67","","","",""
"Notice","W14010: media file not found  /private/var/folders/26/56bpwjwj1jjdf17jfbmxt1d80000gp/T/5c3e734a-6dc2-4863-8b64-f62ebded4e7d/cTemp/mTemp/mobi-xzbQpM/https:/camo.githubusercontent.com/505b9e092e78d4ef12935e6afa544664776181e043d25a4f26620ee4a0aefd0c/68747470733a2f2f692e696d6775722e636f6d2f6846704b5a76672e706e67","","","",""
"Notice","W14010: media file not found  /private/var/folders/26/56bpwjwj1jjdf17jfbmxt1d80000gp/T/5c3e734a-6dc2-4863-8b64-f62ebded4e7d/cTemp/mTemp/mobi-xzbQpM/https:/camo.githubusercontent.com/d96ae740ed0a72cff45471f0e8640ff8608b3113cfd27487bfbfd9a167447e3a/68747470733a2f2f692e696d6775722e636f6d2f654178774747752e706e67","","","",""
"Notice","W14010: media file not found  /private/var/folders/26/56bpwjwj1jjdf17jfbmxt1d80000gp/T/5c3e734a-6dc2-4863-8b64-f62ebded4e7d/cTemp/mTemp/mobi-xzbQpM/https:/camo.githubusercontent.com/8c1efbb1632f52b9de1743694350b8a9645393af6e5c0b95c6176d1e7e350a24/68747470733a2f2f692e696d6775722e636f6d2f587a43536b30432e706e67","","","",""
"Notice","W14010: media file not found  /private/var/folders/26/56bpwjwj1jjdf17jfbmxt1d80000gp/T/5c3e734a-6dc2-4863-8b64-f62ebded4e7d/cTemp/mTemp/mobi-xzbQpM/https:/camo.githubusercontent.com/a24b461a81357fe43960108fa43b7964b4fcb61a10f8dea7859ac76165f2edef/68747470733a2f2f692e696d6775722e636f6d2f4d3442545651482e706e67","","","",""
"Notice","W14010: media file not found  /private/var/folders/26/56bpwjwj1jjdf17jfbmxt1d80000gp/T/5c3e734a-6dc2-4863-8b64-f62ebded4e7d/cTemp/mTemp/mobi-xzbQpM/https:/camo.githubusercontent.com/112fd00ffeeaaa0a0d6b8640b81b5e7b0b40521ee2e78059120bda93a05e1bd7/68747470733a2f2f692e696d6775722e636f6d2f495258633754662e706e67","","","",""
"Notice","W14010: media file not found  /private/var/folders/26/56bpwjwj1jjdf17jfbmxt1d80000gp/T/5c3e734a-6dc2-4863-8b64-f62ebded4e7d/cTemp/mTemp/mobi-xzbQpM/https:/camo.githubusercontent.com/eb71f67ea831fa2583f0bac9c4d2e4e277b52c57c4c0b30836866851089eed55/68747470733a2f2f692e696d6775722e636f6d2f45375878634c722e706e67","","","",""
"Notice","W14010: media file not found  /private/var/folders/26/56bpwjwj1jjdf17jfbmxt1d80000gp/T/5c3e734a-6dc2-4863-8b64-f62ebded4e7d/cTemp/mTemp/mobi-xzbQpM/https:/camo.githubusercontent.com/2b63c31284ddf522785b392b5986649839da78b1fb312f5ddd354a9f0d38cfd5/68747470733a2f2f692e696d6775722e636f6d2f6271615a3244332e706e67","","","",""
"Notice","W14010: media file not found  /private/var/folders/26/56bpwjwj1jjdf17jfbmxt1d80000gp/T/5c3e734a-6dc2-4863-8b64-f62ebded4e7d/cTemp/sites/default/files/img/IMG_8556.jpg","","","",""
"Notice","W14010: media file not found  /private/var/folders/26/56bpwjwj1jjdf17jfbmxt1d80000gp/T/5c3e734a-6dc2-4863-8b64-f62ebded4e7d/cTemp/sites/default/files/styles/dalle/public/img/IMG_8556454a.jpg?itok=8IBkABwX","","","",""
"Notice","W14010: media file not found  /private/var/folders/26/56bpwjwj1jjdf17jfbmxt1d80000gp/T/5c3e734a-6dc2-4863-8b64-f62ebded4e7d/cTemp/mTemp/mobi-xzbQpM/https:/releaf.site/sites/default/files/img/DALL·E 2023-06-13 07.09.30 - SolarPunk style Biomimicry & Fractals_ Magic for Plants. people of all ages walk near verdant towers.png","","","",""
"Notice","W14010: media file not found  /private/var/folders/26/56bpwjwj1jjdf17jfbmxt1d80000gp/T/5c3e734a-6dc2-4863-8b64-f62ebded4e7d/cTemp/sites/default/files/img/IMG_0054.jpg","","","",""
"Notice","W14010: media file not found  /private/var/folders/26/56bpwjwj1jjdf17jfbmxt1d80000gp/T/5c3e734a-6dc2-4863-8b64-f62ebded4e7d/cTemp/sites/default/files/styles/dalle/public/img/IMG_0054d749.jpg?itok=uSlF3UQd","","","",""
"Notice","W14010: media file not found  /private/var/folders/26/56bpwjwj1jjdf17jfbmxt1d80000gp/T/5c3e734a-6dc2-4863-8b64-f62ebded4e7d/cTemp/sites/default/files/img/IMG_0034.jpg","","","",""
"Notice","W14010: media file not found  /private/var/folders/26/56bpwjwj1jjdf17jfbmxt1d80000gp/T/5c3e734a-6dc2-4863-8b64-f62ebded4e7d/cTemp/sites/default/files/styles/dalle/public/img/IMG_0034dda9.jpg?itok=Iw0YF3Lx","","","",""
"Notice","W14010: media file not found  /private/var/folders/26/56bpwjwj1jjdf17jfbmxt1d80000gp/T/5c3e734a-6dc2-4863-8b64-f62ebded4e7d/cTemp/sites/default/files/img/IMG_6639_Original.jpg","","","",""
"Notice","W14010: media file not found  /private/var/folders/26/56bpwjwj1jjdf17jfbmxt1d80000gp/T/5c3e734a-6dc2-4863-8b64-f62ebded4e7d/cTemp/sites/default/files/styles/dalle/public/img/IMG_6639_Original53cf.jpg?itok=ZMlMcgcS","","","",""
"Notice","W14010: media file not found  /private/var/folders/26/56bpwjwj1jjdf17jfbmxt1d80000gp/T/5c3e734a-6dc2-4863-8b64-f62ebded4e7d/cTemp/sites/default/files/img/DALL·E 2023-06-13 07.11.35.png","","","",""
"Notice","W14010: media file not found  /private/var/folders/26/56bpwjwj1jjdf17jfbmxt1d80000gp/T/5c3e734a-6dc2-4863-8b64-f62ebded4e7d/cTemp/sites/default/files/styles/dalle/public/img/DALL·E 2023-06-13 07.11.35b625.png?itok=4D6AIWLH","","","",""
"Notice","W14010: media file not found  /private/var/folders/26/56bpwjwj1jjdf17jfbmxt1d80000gp/T/5c3e734a-6dc2-4863-8b64-f62ebded4e7d/cTemp/sites/default/files/img/DALL·E 2023-06-13 07.09.30 - SolarPunk style Biomimicry & Fractals_ Magic for Plants. people of all ages walk near verdant towers.png","","","",""
"Notice","W14010: media file not found  /private/var/folders/26/56bpwjwj1jjdf17jfbmxt1d80000gp/T/5c3e734a-6dc2-4863-8b64-f62ebded4e7d/cTemp/sites/default/files/img/DALL·E 2023-06-13 04.14.00.png","","","",""
"Notice","W14010: media file not found  /private/var/folders/26/56bpwjwj1jjdf17jfbmxt1d80000gp/T/5c3e734a-6dc2-4863-8b64-f62ebded4e7d/cTemp/sites/default/files/styles/dalle/public/img/DALL·E 2023-06-13 04.14.0036b9.png?itok=FKCPVzmf","","","",""
"Notice","W14010: media file not found  /private/var/folders/26/56bpwjwj1jjdf17jfbmxt1d80000gp/T/5c3e734a-6dc2-4863-8b64-f62ebded4e7d/cTemp/sites/default/files/img/IMG_7464.jpg","","","",""
"Notice","W14010: media file not found  /private/var/folders/26/56bpwjwj1jjdf17jfbmxt1d80000gp/T/5c3e734a-6dc2-4863-8b64-f62ebded4e7d/cTemp/sites/default/files/styles/dalle/public/img/IMG_74646b71.jpg?itok=kgEPQWYo","","","",""
"Notice","W14010: media file not found  /private/var/folders/26/56bpwjwj1jjdf17jfbmxt1d80000gp/T/5c3e734a-6dc2-4863-8b64-f62ebded4e7d/cTemp/mTemp/mobi-xzbQpM/https:/releaf.site/sites/default/files/img/IMG_7609.jpeg","","","",""
"Notice","W14010: media file not found  /private/var/folders/26/56bpwjwj1jjdf17jfbmxt1d80000gp/T/5c3e734a-6dc2-4863-8b64-f62ebded4e7d/cTemp/mTemp/mobi-xzbQpM/https:/releaf.site/sites/default/files/styles/dalle/public/img/IMG_7609.jpeg?itok=waXXyH1A","","","",""
"Notice","W14010: media file not found  /private/var/folders/26/56bpwjwj1jjdf17jfbmxt1d80000gp/T/5c3e734a-6dc2-4863-8b64-f62ebded4e7d/cTemp/sites/default/files/img/IMG_0049.jpg","","","",""
"Notice","W14010: media file not found  /private/var/folders/26/56bpwjwj1jjdf17jfbmxt1d80000gp/T/5c3e734a-6dc2-4863-8b64-f62ebded4e7d/cTemp/sites/default/files/styles/dalle/public/img/IMG_0049d0e7.jpg?itok=SGjkl-NY","","","",""
"Notice","W14010: media file not found  /private/var/folders/26/56bpwjwj1jjdf17jfbmxt1d80000gp/T/5c3e734a-6dc2-4863-8b64-f62ebded4e7d/cTemp/sites/default/files/img/IMG_0059.jpg","","","",""
"Notice","W14010: media file not found  /private/var/folders/26/56bpwjwj1jjdf17jfbmxt1d80000gp/T/5c3e734a-6dc2-4863-8b64-f62ebded4e7d/cTemp/sites/default/files/styles/dalle/public/img/IMG_00597552.jpg?itok=kHLFrAmB","","","",""
"Notice","W14010: media file not found  /private/var/folders/26/56bpwjwj1jjdf17jfbmxt1d80000gp/T/5c3e734a-6dc2-4863-8b64-f62ebded4e7d/cTemp/sites/default/files/img/IMG_0029.jpg","","","",""
"Notice","W14010: media file not found  /private/var/folders/26/56bpwjwj1jjdf17jfbmxt1d80000gp/T/5c3e734a-6dc2-4863-8b64-f62ebded4e7d/cTemp/sites/default/files/styles/dalle/public/img/IMG_0029baba.jpg?itok=jjceFmwM","","","",""
"Notice","W14010: media file not found  /private/var/folders/26/56bpwjwj1jjdf17jfbmxt1d80000gp/T/5c3e734a-6dc2-4863-8b64-f62ebded4e7d/cTemp/sites/default/files/img/IMG_0047.jpg","","","",""
"Notice","W14010: media file not found  /private/var/folders/26/56bpwjwj1jjdf17jfbmxt1d80000gp/T/5c3e734a-6dc2-4863-8b64-f62ebded4e7d/cTemp/sites/default/files/styles/dalle/public/img/IMG_004703bd.jpg?itok=pEToZ-CR","","","",""
"Notice","W14010: media file not found  /private/var/folders/26/56bpwjwj1jjdf17jfbmxt1d80000gp/T/5c3e734a-6dc2-4863-8b64-f62ebded4e7d/cTemp/sites/default/files/img/IMG_6449_Original.jpg","","","",""
"Notice","W14010: media file not found  /private/var/folders/26/56bpwjwj1jjdf17jfbmxt1d80000gp/T/5c3e734a-6dc2-4863-8b64-f62ebded4e7d/cTemp/sites/default/files/styles/dalle/public/img/IMG_6449_Originale6f8.jpg?itok=3py_d40e","","","",""
"Notice","W14010: media file not found  /private/var/folders/26/56bpwjwj1jjdf17jfbmxt1d80000gp/T/5c3e734a-6dc2-4863-8b64-f62ebded4e7d/cTemp/sites/default/files/img/IMG_7591.jpg","","","",""
"Notice","W14010: media file not found  /private/var/folders/26/56bpwjwj1jjdf17jfbmxt1d80000gp/T/5c3e734a-6dc2-4863-8b64-f62ebded4e7d/cTemp/sites/default/files/styles/dalle/public/img/IMG_75910957.jpg?itok=HKuSksnE","","","",""
"Notice","W14010: media file not found  /private/var/folders/26/56bpwjwj1jjdf17jfbmxt1d80000gp/T/5c3e734a-6dc2-4863-8b64-f62ebded4e7d/cTemp/sites/default/files/img/IMG_5894_Original.jpg","","","",""
"Notice","W14010: media file not found  /private/var/folders/26/56bpwjwj1jjdf17jfbmxt1d80000gp/T/5c3e734a-6dc2-4863-8b64-f62ebded4e7d/cTemp/sites/default/files/styles/dalle/public/img/IMG_5894_Original20d1.jpg?itok=wHFW19V5","","","",""
"Notice","W14010: media file not found  /private/var/folders/26/56bpwjwj1jjdf17jfbmxt1d80000gp/T/5c3e734a-6dc2-4863-8b64-f62ebded4e7d/cTemp/sites/default/files/img/IMG_5925_Original.jpg","","","",""
"Notice","W14010: media file not found  /private/var/folders/26/56bpwjwj1jjdf17jfbmxt1d80000gp/T/5c3e734a-6dc2-4863-8b64-f62ebded4e7d/cTemp/sites/default/files/styles/dalle/public/img/IMG_5925_Originale862.jpg?itok=5N4qnm24","","","",""
"Notice","W14010: media file not found  /private/var/folders/26/56bpwjwj1jjdf17jfbmxt1d80000gp/T/5c3e734a-6dc2-4863-8b64-f62ebded4e7d/cTemp/sites/default/files/img/IMG_7603.jpg","","","",""
"Notice","W14010: media file not found  /private/var/folders/26/56bpwjwj1jjdf17jfbmxt1d80000gp/T/5c3e734a-6dc2-4863-8b64-f62ebded4e7d/cTemp/sites/default/files/styles/dalle/public/img/IMG_760355be.jpg?itok=kgt4My6_","","","",""
"Notice","W14010: media file not found  /private/var/folders/26/56bpwjwj1jjdf17jfbmxt1d80000gp/T/5c3e734a-6dc2-4863-8b64-f62ebded4e7d/cTemp/sites/default/files/img/IMG_3565_Original.jpg","","","",""
"Notice","W14010: media file not found  /private/var/folders/26/56bpwjwj1jjdf17jfbmxt1d80000gp/T/5c3e734a-6dc2-4863-8b64-f62ebded4e7d/cTemp/sites/default/files/styles/dalle/public/img/IMG_3565_Originalc245.jpg?itok=hSZsNSgI","","","",""
"Notice","W14010: media file not found  /private/var/folders/26/56bpwjwj1jjdf17jfbmxt1d80000gp/T/5c3e734a-6dc2-4863-8b64-f62ebded4e7d/cTemp/sites/default/files/img/IMG_6430_Original.jpg","","","",""
"Notice","W14010: media file not found  /private/var/folders/26/56bpwjwj1jjdf17jfbmxt1d80000gp/T/5c3e734a-6dc2-4863-8b64-f62ebded4e7d/cTemp/sites/default/files/styles/dalle/public/img/IMG_6430_Originalc0cd.jpg?itok=qtfKGOGm","","","",""
"Notice","W14010: media file not found  /private/var/folders/26/56bpwjwj1jjdf17jfbmxt1d80000gp/T/5c3e734a-6dc2-4863-8b64-f62ebded4e7d/cTemp/sites/default/files/img/DALL·E 2023-06-14 19.04.51.png","","","",""
"Notice","W14010: media file not found  /private/var/folders/26/56bpwjwj1jjdf17jfbmxt1d80000gp/T/5c3e734a-6dc2-4863-8b64-f62ebded4e7d/cTemp/sites/default/files/styles/dalle/public/img/DALL·E 2023-06-14 19.04.51819e.png?itok=tkB-c4LA","","","",""
"Notice","W14010: media file not found  /private/var/folders/26/56bpwjwj1jjdf17jfbmxt1d80000gp/T/5c3e734a-6dc2-4863-8b64-f62ebded4e7d/cTemp/sites/default/files/img/IMG_7547.png","","","",""
"Notice","W14010: media file not found  /private/var/folders/26/56bpwjwj1jjdf17jfbmxt1d80000gp/T/5c3e734a-6dc2-4863-8b64-f62ebded4e7d/cTemp/sites/default/files/styles/dalle/public/img/IMG_75471b7f.png?itok=UbAsqkAr","","","",""
"Notice","W14010: media file not found  /private/var/folders/26/56bpwjwj1jjdf17jfbmxt1d80000gp/T/5c3e734a-6dc2-4863-8b64-f62ebded4e7d/cTemp/sites/default/files/img/IMG_7660_0.jpg","","","",""
"Notice","W14010: media file not found  /private/var/folders/26/56bpwjwj1jjdf17jfbmxt1d80000gp/T/5c3e734a-6dc2-4863-8b64-f62ebded4e7d/cTemp/sites/default/files/styles/dalle/public/img/IMG_7660_043cb.jpg?itok=FWxl7QFd","","","",""
"Notice","W14010: media file not found  /private/var/folders/26/56bpwjwj1jjdf17jfbmxt1d80000gp/T/5c3e734a-6dc2-4863-8b64-f62ebded4e7d/cTemp/sites/default/files/img/IMG_0043.jpg","","","",""
"Notice","W14010: media file not found  /private/var/folders/26/56bpwjwj1jjdf17jfbmxt1d80000gp/T/5c3e734a-6dc2-4863-8b64-f62ebded4e7d/cTemp/sites/default/files/styles/dalle/public/img/IMG_00434054.jpg?itok=yhl_4K6n","","","",""
"Notice","W14010: media file not found  /private/var/folders/26/56bpwjwj1jjdf17jfbmxt1d80000gp/T/5c3e734a-6dc2-4863-8b64-f62ebded4e7d/cTemp/sites/default/files/img/IMG_0053.jpg","","","",""
"Notice","W14010: media file not found  /private/var/folders/26/56bpwjwj1jjdf17jfbmxt1d80000gp/T/5c3e734a-6dc2-4863-8b64-f62ebded4e7d/cTemp/sites/default/files/styles/dalle/public/img/IMG_0053f807.jpg?itok=kQU_RaDS","","","",""
"Notice","W14010: media file not found  /private/var/folders/26/56bpwjwj1jjdf17jfbmxt1d80000gp/T/5c3e734a-6dc2-4863-8b64-f62ebded4e7d/cTemp/sites/default/files/img/DALL·E 2023-06-13 07.07.59 - SolarPunk style Biomimicry & Fractals_ Magic for Plants. people of all ages walk near verdant towers.png","","","",""
"Notice","W14010: media file not found  /private/var/folders/26/56bpwjwj1jjdf17jfbmxt1d80000gp/T/5c3e734a-6dc2-4863-8b64-f62ebded4e7d/cTemp/sites/default/files/styles/dalle/public/img/DALL·E 2023-06-13 07.09.30 - SolarPunk style Biomimicry & Fractals_ Magic for Plants. people of all ages walk near verdant towers70b9.png?itok=JMLo9iNL","","","",""
"Notice","W14010: media file not found  /private/var/folders/26/56bpwjwj1jjdf17jfbmxt1d80000gp/T/5c3e734a-6dc2-4863-8b64-f62ebded4e7d/cTemp/sites/default/files/styles/dalle/public/img/DALL·E 2023-06-13 07.07.59 - SolarPunk style Biomimicry & Fractals_ Magic for Plants. people of all ages walk near verdant towers488e.png?itok=DaOaaZeZ","","","",""
"Notice","W14010: media file not found  /private/var/folders/26/56bpwjwj1jjdf17jfbmxt1d80000gp/T/5c3e734a-6dc2-4863-8b64-f62ebded4e7d/cTemp/sites/default/files/img/IMG_0046.jpg","","","",""
"Notice","W14010: media file not found  /private/var/folders/26/56bpwjwj1jjdf17jfbmxt1d80000gp/T/5c3e734a-6dc2-4863-8b64-f62ebded4e7d/cTemp/sites/default/files/styles/dalle/public/img/IMG_0046227b.jpg?itok=5NSknUMX","","","",""
"Notice","W14010: media file not found  /private/var/folders/26/56bpwjwj1jjdf17jfbmxt1d80000gp/T/5c3e734a-6dc2-4863-8b64-f62ebded4e7d/cTemp/sites/default/files/img/IMG_6156_Original.png","","","",""
"Notice","W14010: media file not found  /private/var/folders/26/56bpwjwj1jjdf17jfbmxt1d80000gp/T/5c3e734a-6dc2-4863-8b64-f62ebded4e7d/cTemp/sites/default/files/styles/dalle/public/img/IMG_6156_Originald81d.png?itok=M2wIIUPT","","","",""
"Notice","W14010: media file not found  /private/var/folders/26/56bpwjwj1jjdf17jfbmxt1d80000gp/T/5c3e734a-6dc2-4863-8b64-f62ebded4e7d/cTemp/sites/default/files/img/IMG_7612.jpg","","","",""
"Notice","W14010: media file not found  /private/var/folders/26/56bpwjwj1jjdf17jfbmxt1d80000gp/T/5c3e734a-6dc2-4863-8b64-f62ebded4e7d/cTemp/sites/default/files/styles/dalle/public/img/IMG_7612b417.jpg?itok=jWIv2_2c","","","",""
"Notice","W14010: media file not found  /private/var/folders/26/56bpwjwj1jjdf17jfbmxt1d80000gp/T/5c3e734a-6dc2-4863-8b64-f62ebded4e7d/cTemp/sites/default/files/img/IMG_7564.jpg","","","",""
"Notice","W14010: media file not found  /private/var/folders/26/56bpwjwj1jjdf17jfbmxt1d80000gp/T/5c3e734a-6dc2-4863-8b64-f62ebded4e7d/cTemp/sites/default/files/styles/dalle/public/img/IMG_7564792e.jpg?itok=2mbYYRpq","","","",""
"Notice","W14010: media file not found  /private/var/folders/26/56bpwjwj1jjdf17jfbmxt1d80000gp/T/5c3e734a-6dc2-4863-8b64-f62ebded4e7d/cTemp/sites/default/files/img/IMG_7627.jpg","","","",""
"Notice","W14010: media file not found  /private/var/folders/26/56bpwjwj1jjdf17jfbmxt1d80000gp/T/5c3e734a-6dc2-4863-8b64-f62ebded4e7d/cTemp/sites/default/files/styles/dalle/public/img/IMG_7627b61a.jpg?itok=Z1bhFExN","","","",""
"Notice","W14010: media file not found  /private/var/folders/26/56bpwjwj1jjdf17jfbmxt1d80000gp/T/5c3e734a-6dc2-4863-8b64-f62ebded4e7d/cTemp/sites/default/files/img/IMG_7634.jpg","","","",""
"Notice","W14010: media file not found  /private/var/folders/26/56bpwjwj1jjdf17jfbmxt1d80000gp/T/5c3e734a-6dc2-4863-8b64-f62ebded4e7d/cTemp/sites/default/files/styles/dalle/public/img/IMG_7634c9b6.jpg?itok=eIHv--Bb","","","",""
"Notice","W14010: media file not found  /private/var/folders/26/56bpwjwj1jjdf17jfbmxt1d80000gp/T/5c3e734a-6dc2-4863-8b64-f62ebded4e7d/cTemp/sites/default/files/img/IMG_7605.jpg","","","",""
"Notice","W14010: media file not found  /private/var/folders/26/56bpwjwj1jjdf17jfbmxt1d80000gp/T/5c3e734a-6dc2-4863-8b64-f62ebded4e7d/cTemp/sites/default/files/styles/dalle/public/img/IMG_7605843d.jpg?itok=xGRN74XF","","","",""
"Notice","W14010: media file not found  /private/var/folders/26/56bpwjwj1jjdf17jfbmxt1d80000gp/T/5c3e734a-6dc2-4863-8b64-f62ebded4e7d/cTemp/sites/default/files/img/IMG_6512_Original.jpg","","","",""
"Notice","W14010: media file not found  /private/var/folders/26/56bpwjwj1jjdf17jfbmxt1d80000gp/T/5c3e734a-6dc2-4863-8b64-f62ebded4e7d/cTemp/sites/default/files/styles/dalle/public/img/IMG_6512_Original895f.jpg?itok=S6WZB9YV","","","",""
"Notice","W14010: media file not found  /private/var/folders/26/56bpwjwj1jjdf17jfbmxt1d80000gp/T/5c3e734a-6dc2-4863-8b64-f62ebded4e7d/cTemp/sites/default/files/img/IMG_7655.jpg","","","",""
"Notice","W14010: media file not found  /private/var/folders/26/56bpwjwj1jjdf17jfbmxt1d80000gp/T/5c3e734a-6dc2-4863-8b64-f62ebded4e7d/cTemp/sites/default/files/styles/dalle/public/img/IMG_76559f59.jpg?itok=0muA_OgX","","","",""
"Notice","W14010: media file not found  /private/var/folders/26/56bpwjwj1jjdf17jfbmxt1d80000gp/T/5c3e734a-6dc2-4863-8b64-f62ebded4e7d/cTemp/sites/default/files/img/DALL·E 2023-06-13 07.12.06.png","","","",""
"Notice","W14010: media file not found  /private/var/folders/26/56bpwjwj1jjdf17jfbmxt1d80000gp/T/5c3e734a-6dc2-4863-8b64-f62ebded4e7d/cTemp/sites/default/files/styles/dalle/public/img/DALL·E 2023-06-13 07.12.06b386.png?itok=tlNMagyT","","","",""
"Notice","W14010: media file not found  /private/var/folders/26/56bpwjwj1jjdf17jfbmxt1d80000gp/T/5c3e734a-6dc2-4863-8b64-f62ebded4e7d/cTemp/sites/default/files/img/00DD2952-DE9F-442B-988B-13D0EEC92C13.png","","","",""
"Notice","W14010: media file not found  /private/var/folders/26/56bpwjwj1jjdf17jfbmxt1d80000gp/T/5c3e734a-6dc2-4863-8b64-f62ebded4e7d/cTemp/sites/default/files/styles/dalle/public/img/00DD2952-DE9F-442B-988B-13D0EEC92C136722.png?itok=hl4a5xqI","","","",""
"Notice","W14010: media file not found  /private/var/folders/26/56bpwjwj1jjdf17jfbmxt1d80000gp/T/5c3e734a-6dc2-4863-8b64-f62ebded4e7d/cTemp/sites/default/files/img/IMG_7226.png","","","",""
"Notice","W14010: media file not found  /private/var/folders/26/56bpwjwj1jjdf17jfbmxt1d80000gp/T/5c3e734a-6dc2-4863-8b64-f62ebded4e7d/cTemp/sites/default/files/styles/dalle/public/img/IMG_7226854b.png?itok=iiUBrJS-","","","",""
"Notice","W14010: media file not found  /private/var/folders/26/56bpwjwj1jjdf17jfbmxt1d80000gp/T/5c3e734a-6dc2-4863-8b64-f62ebded4e7d/cTemp/sites/default/files/img/IMG_8557.jpg","","","",""
"Notice","W14010: media file not found  /private/var/folders/26/56bpwjwj1jjdf17jfbmxt1d80000gp/T/5c3e734a-6dc2-4863-8b64-f62ebded4e7d/cTemp/sites/default/files/styles/dalle/public/img/IMG_85572009.jpg?itok=0CKRMR3v","","","",""
"Notice","W14010: media file not found  /private/var/folders/26/56bpwjwj1jjdf17jfbmxt1d80000gp/T/5c3e734a-6dc2-4863-8b64-f62ebded4e7d/cTemp/sites/default/files/img/6899E61D-4705-4FF4-9ADC-C35F43A71A92_Original.jpg","","","",""
"Notice","W14010: media file not found  /private/var/folders/26/56bpwjwj1jjdf17jfbmxt1d80000gp/T/5c3e734a-6dc2-4863-8b64-f62ebded4e7d/cTemp/sites/default/files/styles/dalle/public/img/6899E61D-4705-4FF4-9ADC-C35F43A71A92_Originald3cd.jpg?itok=4p2TPhfa","","","",""
"Notice","W14010: media file not found  /private/var/folders/26/56bpwjwj1jjdf17jfbmxt1d80000gp/T/5c3e734a-6dc2-4863-8b64-f62ebded4e7d/cTemp/sites/default/files/img/IMG_7643.jpg","","","",""
"Notice","W14010: media file not found  /private/var/folders/26/56bpwjwj1jjdf17jfbmxt1d80000gp/T/5c3e734a-6dc2-4863-8b64-f62ebded4e7d/cTemp/sites/default/files/styles/dalle/public/img/IMG_7643db53.jpg?itok=sk3gD0Gz","","","",""
"Notice","W14010: media file not found  /private/var/folders/26/56bpwjwj1jjdf17jfbmxt1d80000gp/T/5c3e734a-6dc2-4863-8b64-f62ebded4e7d/cTemp/sites/default/files/img/IMG_7610.jpg","","","",""
"Notice","W14010: media file not found  /private/var/folders/26/56bpwjwj1jjdf17jfbmxt1d80000gp/T/5c3e734a-6dc2-4863-8b64-f62ebded4e7d/cTemp/sites/default/files/styles/dalle/public/img/IMG_7610dca8.jpg?itok=A54bDTHz","","","",""
"Notice","W14010: media file not found  /private/var/folders/26/56bpwjwj1jjdf17jfbmxt1d80000gp/T/5c3e734a-6dc2-4863-8b64-f62ebded4e7d/cTemp/sites/default/files/img/IMG_7622.jpg","","","",""
"Notice","W14010: media file not found  /private/var/folders/26/56bpwjwj1jjdf17jfbmxt1d80000gp/T/5c3e734a-6dc2-4863-8b64-f62ebded4e7d/cTemp/sites/default/files/styles/dalle/public/img/IMG_7622855d.jpg?itok=o3N696Yn","","","",""
"Notice","W14010: media file not found  /private/var/folders/26/56bpwjwj1jjdf17jfbmxt1d80000gp/T/5c3e734a-6dc2-4863-8b64-f62ebded4e7d/cTemp/sites/default/files/img/IMG_7629.jpg","","","",""
"Notice","W14010: media file not found  /private/var/folders/26/56bpwjwj1jjdf17jfbmxt1d80000gp/T/5c3e734a-6dc2-4863-8b64-f62ebded4e7d/cTemp/sites/default/files/styles/dalle/public/img/IMG_7629d104.jpg?itok=dy7dFfoS","","","",""
"Notice","W14010: media file not found  /private/var/folders/26/56bpwjwj1jjdf17jfbmxt1d80000gp/T/5c3e734a-6dc2-4863-8b64-f62ebded4e7d/cTemp/sites/default/files/img/IMG_0026.jpg","","","",""
"Notice","W14010: media file not found  /private/var/folders/26/56bpwjwj1jjdf17jfbmxt1d80000gp/T/5c3e734a-6dc2-4863-8b64-f62ebded4e7d/cTemp/sites/default/files/styles/dalle/public/img/IMG_0026eb5c.jpg?itok=5lqgpnPW","","","",""
"Notice","W14010: media file not found  /private/var/folders/26/56bpwjwj1jjdf17jfbmxt1d80000gp/T/5c3e734a-6dc2-4863-8b64-f62ebded4e7d/cTemp/sites/default/files/img/IMG_7626_0.jpg","","","",""
"Notice","W14010: media file not found  /private/var/folders/26/56bpwjwj1jjdf17jfbmxt1d80000gp/T/5c3e734a-6dc2-4863-8b64-f62ebded4e7d/cTemp/sites/default/files/styles/dalle/public/img/IMG_7626_006b5.jpg?itok=wKW7_gIw","","","",""
"Notice","W14010: media file not found  /private/var/folders/26/56bpwjwj1jjdf17jfbmxt1d80000gp/T/5c3e734a-6dc2-4863-8b64-f62ebded4e7d/cTemp/sites/default/files/img/IMG_7648_0.jpg","","","",""
"Notice","W14010: media file not found  /private/var/folders/26/56bpwjwj1jjdf17jfbmxt1d80000gp/T/5c3e734a-6dc2-4863-8b64-f62ebded4e7d/cTemp/sites/default/files/styles/dalle/public/img/IMG_7648_055e6.jpg?itok=3kXdO-OF","","","",""
"Notice","W14010: media file not found  /private/var/folders/26/56bpwjwj1jjdf17jfbmxt1d80000gp/T/5c3e734a-6dc2-4863-8b64-f62ebded4e7d/cTemp/sites/default/files/img/IMG_7642.jpg","","","",""
"Notice","W14010: media file not found  /private/var/folders/26/56bpwjwj1jjdf17jfbmxt1d80000gp/T/5c3e734a-6dc2-4863-8b64-f62ebded4e7d/cTemp/sites/default/files/styles/dalle/public/img/IMG_7642a768.jpg?itok=14-9TEnQ","","","",""
"Notice","W14010: media file not found  /private/var/folders/26/56bpwjwj1jjdf17jfbmxt1d80000gp/T/5c3e734a-6dc2-4863-8b64-f62ebded4e7d/cTemp/sites/default/files/img/IMG_7649.jpg","","","",""
"Notice","W14010: media file not found  /private/var/folders/26/56bpwjwj1jjdf17jfbmxt1d80000gp/T/5c3e734a-6dc2-4863-8b64-f62ebded4e7d/cTemp/sites/default/files/styles/dalle/public/img/IMG_7649999a.jpg?itok=M23CMrd6","","","",""
"Notice","W14010: media file not found  /private/var/folders/26/56bpwjwj1jjdf17jfbmxt1d80000gp/T/5c3e734a-6dc2-4863-8b64-f62ebded4e7d/cTemp/sites/default/files/img/IMG_7646.jpg","","","",""
"Notice","W14010: media file not found  /private/var/folders/26/56bpwjwj1jjdf17jfbmxt1d80000gp/T/5c3e734a-6dc2-4863-8b64-f62ebded4e7d/cTemp/sites/default/files/styles/dalle/public/img/IMG_7646eb8f.jpg?itok=W0qoDvQi","","","",""
"Notice","W14010: media file not found  /private/var/folders/26/56bpwjwj1jjdf17jfbmxt1d80000gp/T/5c3e734a-6dc2-4863-8b64-f62ebded4e7d/cTemp/sites/default/files/img/IMG_7659.jpg","","","",""
"Notice","W14010: media file not found  /private/var/folders/26/56bpwjwj1jjdf17jfbmxt1d80000gp/T/5c3e734a-6dc2-4863-8b64-f62ebded4e7d/cTemp/sites/default/files/styles/dalle/public/img/IMG_7659bbda.jpg?itok=rUslRpVs","","","",""
"Notice","W14010: media file not found  /private/var/folders/26/56bpwjwj1jjdf17jfbmxt1d80000gp/T/5c3e734a-6dc2-4863-8b64-f62ebded4e7d/cTemp/mTemp/sites/default/files/styles/thumbnail/public/pictures/2023-06/PXL_20230401_1253284912232.jpg?itok=P1lHo1ZT","","","",""
"Notice","W14010: media file not found  /private/var/folders/26/56bpwjwj1jjdf17jfbmxt1d80000gp/T/5c3e734a-6dc2-4863-8b64-f62ebded4e7d/cTemp/sites/default/files/img/IMG_7641.jpg","","","",""
"Notice","W14010: media file not found  /private/var/folders/26/56bpwjwj1jjdf17jfbmxt1d80000gp/T/5c3e734a-6dc2-4863-8b64-f62ebded4e7d/cTemp/sites/default/files/styles/dalle/public/img/IMG_764158fb.jpg?itok=-QnSb9Wb","","","",""
"Notice","W14010: media file not found  /private/var/folders/26/56bpwjwj1jjdf17jfbmxt1d80000gp/T/5c3e734a-6dc2-4863-8b64-f62ebded4e7d/cTemp/sites/default/files/img/IMG_7651.jpg","","","",""
"Notice","W14010: media file not found  /private/var/folders/26/56bpwjwj1jjdf17jfbmxt1d80000gp/T/5c3e734a-6dc2-4863-8b64-f62ebded4e7d/cTemp/sites/default/files/styles/dalle/public/img/IMG_76515cd5.jpg?itok=DcXvV9r3","","","",""
"Notice","W14010: media file not found  /private/var/folders/26/56bpwjwj1jjdf17jfbmxt1d80000gp/T/5c3e734a-6dc2-4863-8b64-f62ebded4e7d/cTemp/sites/default/files/img/IMG_7574.png","","","",""
"Notice","W14010: media file not found  /private/var/folders/26/56bpwjwj1jjdf17jfbmxt1d80000gp/T/5c3e734a-6dc2-4863-8b64-f62ebded4e7d/cTemp/sites/default/files/styles/dalle/public/img/IMG_757448d6.png?itok=u7ZklpzY","","","",""
"Notice","W14010: media file not found  /private/var/folders/26/56bpwjwj1jjdf17jfbmxt1d80000gp/T/5c3e734a-6dc2-4863-8b64-f62ebded4e7d/cTemp/sites/default/files/img/IMG_7495.jpg","","","",""
"Notice","W14010: media file not found  /private/var/folders/26/56bpwjwj1jjdf17jfbmxt1d80000gp/T/5c3e734a-6dc2-4863-8b64-f62ebded4e7d/cTemp/sites/default/files/styles/dalle/public/img/IMG_74955ff4.jpg?itok=h-JnIHaM","","","",""
"Notice","W14010: media file not found  /private/var/folders/26/56bpwjwj1jjdf17jfbmxt1d80000gp/T/5c3e734a-6dc2-4863-8b64-f62ebded4e7d/cTemp/sites/default/files/img/IMG_0056.jpg","","","",""
"Notice","W14010: media file not found  /private/var/folders/26/56bpwjwj1jjdf17jfbmxt1d80000gp/T/5c3e734a-6dc2-4863-8b64-f62ebded4e7d/cTemp/sites/default/files/styles/dalle/public/img/IMG_00569018.jpg?itok=xVWxulKG","","","",""
"Notice","W14010: media file not found  /private/var/folders/26/56bpwjwj1jjdf17jfbmxt1d80000gp/T/5c3e734a-6dc2-4863-8b64-f62ebded4e7d/cTemp/sites/default/files/img/IMG_7560.png","","","",""
"Notice","W14010: media file not found  /private/var/folders/26/56bpwjwj1jjdf17jfbmxt1d80000gp/T/5c3e734a-6dc2-4863-8b64-f62ebded4e7d/cTemp/sites/default/files/styles/dalle/public/img/IMG_756049b1.png?itok=tLaAsj9x","","","",""
"Notice","W14010: media file not found  /private/var/folders/26/56bpwjwj1jjdf17jfbmxt1d80000gp/T/5c3e734a-6dc2-4863-8b64-f62ebded4e7d/cTemp/sites/default/files/img/IMG_7549.png","","","",""
"Notice","W14010: media file not found  /private/var/folders/26/56bpwjwj1jjdf17jfbmxt1d80000gp/T/5c3e734a-6dc2-4863-8b64-f62ebded4e7d/cTemp/sites/default/files/styles/dalle/public/img/IMG_754962bf.png?itok=KALNgLg_","","","",""
"Notice","W14010: media file not found  /private/var/folders/26/56bpwjwj1jjdf17jfbmxt1d80000gp/T/5c3e734a-6dc2-4863-8b64-f62ebded4e7d/cTemp/sites/default/files/img/IMG_7665_0.jpg","","","",""
"Notice","W14010: media file not found  /private/var/folders/26/56bpwjwj1jjdf17jfbmxt1d80000gp/T/5c3e734a-6dc2-4863-8b64-f62ebded4e7d/cTemp/sites/default/files/styles/dalle/public/img/IMG_7665_0797c.jpg?itok=Ac3DmzrW","","","",""
"Notice","W14010: media file not found  /private/var/folders/26/56bpwjwj1jjdf17jfbmxt1d80000gp/T/5c3e734a-6dc2-4863-8b64-f62ebded4e7d/cTemp/sites/default/files/img/IMG_7680.jpg","","","",""
"Notice","W14010: media file not found  /private/var/folders/26/56bpwjwj1jjdf17jfbmxt1d80000gp/T/5c3e734a-6dc2-4863-8b64-f62ebded4e7d/cTemp/sites/default/files/styles/dalle/public/img/IMG_7680e902.jpg?itok=3fWDh_u3","","","",""
"Notice","W14010: media file not found  /private/var/folders/26/56bpwjwj1jjdf17jfbmxt1d80000gp/T/5c3e734a-6dc2-4863-8b64-f62ebded4e7d/cTemp/sites/default/files/img/IMG_7687.jpg","","","",""
"Notice","W14010: media file not found  /private/var/folders/26/56bpwjwj1jjdf17jfbmxt1d80000gp/T/5c3e734a-6dc2-4863-8b64-f62ebded4e7d/cTemp/sites/default/files/styles/dalle/public/img/IMG_76877580.jpg?itok=T0XePxad","","","",""
"Notice","W14010: media file not found  /private/var/folders/26/56bpwjwj1jjdf17jfbmxt1d80000gp/T/5c3e734a-6dc2-4863-8b64-f62ebded4e7d/cTemp/sites/default/files/img/IMG_7601.jpg","","","",""
"Notice","W14010: media file not found  /private/var/folders/26/56bpwjwj1jjdf17jfbmxt1d80000gp/T/5c3e734a-6dc2-4863-8b64-f62ebded4e7d/cTemp/sites/default/files/styles/dalle/public/img/IMG_7601050a.jpg?itok=yde4DFN_","","","",""
"Notice","W14010: media file not found  /private/var/folders/26/56bpwjwj1jjdf17jfbmxt1d80000gp/T/5c3e734a-6dc2-4863-8b64-f62ebded4e7d/cTemp/sites/default/files/img/IMG_7171_Original.jpg","","","",""
"Notice","W14010: media file not found  /private/var/folders/26/56bpwjwj1jjdf17jfbmxt1d80000gp/T/5c3e734a-6dc2-4863-8b64-f62ebded4e7d/cTemp/sites/default/files/styles/dalle/public/img/IMG_7171_Originalf669.jpg?itok=XW6ZPpKS","","","",""
"Notice","W14010: media file not found  /private/var/folders/26/56bpwjwj1jjdf17jfbmxt1d80000gp/T/5c3e734a-6dc2-4863-8b64-f62ebded4e7d/cTemp/sites/default/files/img/IMG_5927_Original.jpg","","","",""
"Notice","W14010: media file not found  /private/var/folders/26/56bpwjwj1jjdf17jfbmxt1d80000gp/T/5c3e734a-6dc2-4863-8b64-f62ebded4e7d/cTemp/sites/default/files/styles/dalle/public/img/IMG_5927_Original3ef5.jpg?itok=Quo2Xkoi","","","",""
"Notice","W14010: media file not found  /private/var/folders/26/56bpwjwj1jjdf17jfbmxt1d80000gp/T/5c3e734a-6dc2-4863-8b64-f62ebded4e7d/cTemp/sites/default/files/img/IMG_7689.jpg","","","",""
"Notice","W14010: media file not found  /private/var/folders/26/56bpwjwj1jjdf17jfbmxt1d80000gp/T/5c3e734a-6dc2-4863-8b64-f62ebded4e7d/cTemp/sites/default/files/styles/dalle/public/img/IMG_768918b2.jpg?itok=cDcTa3bp","","","",""
"Notice","W14010: media file not found  /private/var/folders/26/56bpwjwj1jjdf17jfbmxt1d80000gp/T/5c3e734a-6dc2-4863-8b64-f62ebded4e7d/cTemp/sites/default/files/img/18883248-CC6C-4408-9F53-56C8BF9666B2.png","","","",""
"Notice","W14010: media file not found  /private/var/folders/26/56bpwjwj1jjdf17jfbmxt1d80000gp/T/5c3e734a-6dc2-4863-8b64-f62ebded4e7d/cTemp/sites/default/files/styles/dalle/public/img/18883248-CC6C-4408-9F53-56C8BF9666B22a9f.png?itok=4NjqNgzB","","","",""
"Notice","W14010: media file not found  /private/var/folders/26/56bpwjwj1jjdf17jfbmxt1d80000gp/T/5c3e734a-6dc2-4863-8b64-f62ebded4e7d/cTemp/sites/default/files/img/IMG_8559.jpg","","","",""
"Notice","W14010: media file not found  /private/var/folders/26/56bpwjwj1jjdf17jfbmxt1d80000gp/T/5c3e734a-6dc2-4863-8b64-f62ebded4e7d/cTemp/sites/default/files/styles/dalle/public/img/IMG_8559fb6b.jpg?itok=WTESXLli","","","",""
"Notice","W14010: media file not found  /private/var/folders/26/56bpwjwj1jjdf17jfbmxt1d80000gp/T/5c3e734a-6dc2-4863-8b64-f62ebded4e7d/cTemp/sites/default/files/img/IMG_7673.jpg","","","",""
"Notice","W14010: media file not found  /private/var/folders/26/56bpwjwj1jjdf17jfbmxt1d80000gp/T/5c3e734a-6dc2-4863-8b64-f62ebded4e7d/cTemp/sites/default/files/styles/dalle/public/img/IMG_7673e3b0.jpg?itok=cBVWo4Pv","","","",""
"Notice","W14010: media file not found  /private/var/folders/26/56bpwjwj1jjdf17jfbmxt1d80000gp/T/5c3e734a-6dc2-4863-8b64-f62ebded4e7d/cTemp/sites/default/files/img/IMG_7162_Original.jpg","","","",""
"Notice","W14010: media file not found  /private/var/folders/26/56bpwjwj1jjdf17jfbmxt1d80000gp/T/5c3e734a-6dc2-4863-8b64-f62ebded4e7d/cTemp/sites/default/files/styles/dalle/public/img/IMG_7162_Originalafac.jpg?itok=VpCPfke0","","","",""
"Notice","W14010: media file not found  /private/var/folders/26/56bpwjwj1jjdf17jfbmxt1d80000gp/T/5c3e734a-6dc2-4863-8b64-f62ebded4e7d/cTemp/sites/default/files/img/IMG_7662.jpg","","","",""
"Notice","W14010: media file not found  /private/var/folders/26/56bpwjwj1jjdf17jfbmxt1d80000gp/T/5c3e734a-6dc2-4863-8b64-f62ebded4e7d/cTemp/sites/default/files/styles/dalle/public/img/IMG_76628b2d.jpg?itok=Ak6ZOdqC","","","",""
"Notice","W14010: media file not found  /private/var/folders/26/56bpwjwj1jjdf17jfbmxt1d80000gp/T/5c3e734a-6dc2-4863-8b64-f62ebded4e7d/cTemp/sites/default/files/img/IMG_7667.jpg","","","",""
"Notice","W14010: media file not found  /private/var/folders/26/56bpwjwj1jjdf17jfbmxt1d80000gp/T/5c3e734a-6dc2-4863-8b64-f62ebded4e7d/cTemp/sites/default/files/styles/dalle/public/img/IMG_7667082b.jpg?itok=7aunlBKO","","","",""
"Notice","W14010: media file not found  /private/var/folders/26/56bpwjwj1jjdf17jfbmxt1d80000gp/T/5c3e734a-6dc2-4863-8b64-f62ebded4e7d/cTemp/sites/default/files/img/IMG_7228.png","","","",""
"Notice","W14010: media file not found  /private/var/folders/26/56bpwjwj1jjdf17jfbmxt1d80000gp/T/5c3e734a-6dc2-4863-8b64-f62ebded4e7d/cTemp/sites/default/files/styles/dalle/public/img/IMG_72280062.png?itok=uYWuNAzC","","","",""
"Notice","W14010: media file not found  /private/var/folders/26/56bpwjwj1jjdf17jfbmxt1d80000gp/T/5c3e734a-6dc2-4863-8b64-f62ebded4e7d/cTemp/sites/default/files/img/AB0B95FD-BA13-423F-BC90-30411DA7796A.png","","","",""
"Notice","W14010: media file not found  /private/var/folders/26/56bpwjwj1jjdf17jfbmxt1d80000gp/T/5c3e734a-6dc2-4863-8b64-f62ebded4e7d/cTemp/sites/default/files/styles/dalle/public/img/AB0B95FD-BA13-423F-BC90-30411DA7796Ae1aa.png?itok=7QRCv34h","","","",""
"Notice","W14010: media file not found  /private/var/folders/26/56bpwjwj1jjdf17jfbmxt1d80000gp/T/5c3e734a-6dc2-4863-8b64-f62ebded4e7d/cTemp/sites/default/files/img/IMG_7607.jpg","","","",""
"Notice","W14010: media file not found  /private/var/folders/26/56bpwjwj1jjdf17jfbmxt1d80000gp/T/5c3e734a-6dc2-4863-8b64-f62ebded4e7d/cTemp/sites/default/files/styles/dalle/public/img/IMG_760760da.jpg?itok=kKbyu5yC","","","",""
"Notice","W14010: media file not found  /private/var/folders/26/56bpwjwj1jjdf17jfbmxt1d80000gp/T/5c3e734a-6dc2-4863-8b64-f62ebded4e7d/cTemp/sites/default/files/img/B1303484-E814-4A8D-AB30-A3071E027016.png","","","",""
"Notice","W14010: media file not found  /private/var/folders/26/56bpwjwj1jjdf17jfbmxt1d80000gp/T/5c3e734a-6dc2-4863-8b64-f62ebded4e7d/cTemp/sites/default/files/styles/dalle/public/img/B1303484-E814-4A8D-AB30-A3071E0270166e27.png?itok=-l-zsyKg","","","",""
"Notice","W14010: media file not found  /private/var/folders/26/56bpwjwj1jjdf17jfbmxt1d80000gp/T/5c3e734a-6dc2-4863-8b64-f62ebded4e7d/cTemp/sites/default/files/img/IMG_7674.jpg","","","",""
"Notice","W14010: media file not found  /private/var/folders/26/56bpwjwj1jjdf17jfbmxt1d80000gp/T/5c3e734a-6dc2-4863-8b64-f62ebded4e7d/cTemp/sites/default/files/styles/dalle/public/img/IMG_76744a08.jpg?itok=g4GtEwKa","","","",""
"Notice","W14010: media file not found  /private/var/folders/26/56bpwjwj1jjdf17jfbmxt1d80000gp/T/5c3e734a-6dc2-4863-8b64-f62ebded4e7d/cTemp/sites/default/files/img/IMG_7660.jpg","","","",""
"Notice","W14010: media file not found  /private/var/folders/26/56bpwjwj1jjdf17jfbmxt1d80000gp/T/5c3e734a-6dc2-4863-8b64-f62ebded4e7d/cTemp/sites/default/files/styles/dalle/public/img/IMG_76607b16.jpg?itok=pnrrQMee","","","",""
"Notice","W14010: media file not found  /private/var/folders/26/56bpwjwj1jjdf17jfbmxt1d80000gp/T/5c3e734a-6dc2-4863-8b64-f62ebded4e7d/cTemp/sites/default/files/img/IMG_0061.jpg","","","",""
"Notice","W14010: media file not found  /private/var/folders/26/56bpwjwj1jjdf17jfbmxt1d80000gp/T/5c3e734a-6dc2-4863-8b64-f62ebded4e7d/cTemp/sites/default/files/styles/dalle/public/img/IMG_0061d105.jpg?itok=LT84skdR","","","",""
"Notice","W14010: media file not found  /private/var/folders/26/56bpwjwj1jjdf17jfbmxt1d80000gp/T/5c3e734a-6dc2-4863-8b64-f62ebded4e7d/cTemp/sites/default/files/img/DALL·E 2023-06-13 07.11.03.png","","","",""
"Notice","W14010: media file not found  /private/var/folders/26/56bpwjwj1jjdf17jfbmxt1d80000gp/T/5c3e734a-6dc2-4863-8b64-f62ebded4e7d/cTemp/sites/default/files/styles/dalle/public/img/DALL·E 2023-06-13 07.11.036ae8.png?itok=xqKGzhGI","","","",""
"Notice","W14010: media file not found  /private/var/folders/26/56bpwjwj1jjdf17jfbmxt1d80000gp/T/5c3e734a-6dc2-4863-8b64-f62ebded4e7d/cTemp/sites/default/files/img/IMG_7677.jpg","","","",""
"Notice","W14010: media file not found  /private/var/folders/26/56bpwjwj1jjdf17jfbmxt1d80000gp/T/5c3e734a-6dc2-4863-8b64-f62ebded4e7d/cTemp/sites/default/files/styles/dalle/public/img/IMG_767784ee.jpg?itok=jo4PAd8y","","","",""
"Notice","W14010: media file not found  /private/var/folders/26/56bpwjwj1jjdf17jfbmxt1d80000gp/T/5c3e734a-6dc2-4863-8b64-f62ebded4e7d/cTemp/sites/default/files/img/IMG_7592.jpg","","","",""
"Notice","W14010: media file not found  /private/var/folders/26/56bpwjwj1jjdf17jfbmxt1d80000gp/T/5c3e734a-6dc2-4863-8b64-f62ebded4e7d/cTemp/sites/default/files/styles/dalle/public/img/IMG_7592529e.jpg?itok=t4My6Q2_","","","",""
"Notice","W14010: media file not found  /private/var/folders/26/56bpwjwj1jjdf17jfbmxt1d80000gp/T/5c3e734a-6dc2-4863-8b64-f62ebded4e7d/cTemp/sites/default/files/img/IMG_7684.jpg","","","",""
"Notice","W14010: media file not found  /private/var/folders/26/56bpwjwj1jjdf17jfbmxt1d80000gp/T/5c3e734a-6dc2-4863-8b64-f62ebded4e7d/cTemp/sites/default/files/styles/dalle/public/img/IMG_7684c11e.jpg?itok=63UAXSRQ","","","",""
"Notice","W14010: media file not found  /private/var/folders/26/56bpwjwj1jjdf17jfbmxt1d80000gp/T/5c3e734a-6dc2-4863-8b64-f62ebded4e7d/cTemp/sites/default/files/img/IMG_7169_Original.jpg","","","",""
"Notice","W14010: media file not found  /private/var/folders/26/56bpwjwj1jjdf17jfbmxt1d80000gp/T/5c3e734a-6dc2-4863-8b64-f62ebded4e7d/cTemp/sites/default/files/styles/dalle/public/img/IMG_7169_Originala259.jpg?itok=G7WRQcZb","","","",""
"Notice","W14010: media file not found  /private/var/folders/26/56bpwjwj1jjdf17jfbmxt1d80000gp/T/5c3e734a-6dc2-4863-8b64-f62ebded4e7d/cTemp/sites/default/files/img/IMG_7172_Original.jpg","","","",""
"Notice","W14010: media file not found  /private/var/folders/26/56bpwjwj1jjdf17jfbmxt1d80000gp/T/5c3e734a-6dc2-4863-8b64-f62ebded4e7d/cTemp/sites/default/files/styles/dalle/public/img/IMG_7172_Original0a84.jpg?itok=oADl_Kgn","","","",""
"Notice","W14010: media file not found  /private/var/folders/26/56bpwjwj1jjdf17jfbmxt1d80000gp/T/5c3e734a-6dc2-4863-8b64-f62ebded4e7d/cTemp/sites/default/files/img/IMG_8554.png","","","",""
"Notice","W14010: media file not found  /private/var/folders/26/56bpwjwj1jjdf17jfbmxt1d80000gp/T/5c3e734a-6dc2-4863-8b64-f62ebded4e7d/cTemp/sites/default/files/styles/dalle/public/img/IMG_85545ed9.png?itok=h-GwMgne","","","",""
"Notice","W14010: media file not found  /private/var/folders/26/56bpwjwj1jjdf17jfbmxt1d80000gp/T/5c3e734a-6dc2-4863-8b64-f62ebded4e7d/cTemp/sites/default/files/inline-images/IMG_7190.png","","","",""
"Notice","W14010: media file not found  /private/var/folders/26/56bpwjwj1jjdf17jfbmxt1d80000gp/T/5c3e734a-6dc2-4863-8b64-f62ebded4e7d/cTemp/mTemp/mobi-xzbQpM/https:/releaf.site/sites/default/files/img/IMG_7658.jpeg","","","",""
"Notice","W14010: media file not found  /private/var/folders/26/56bpwjwj1jjdf17jfbmxt1d80000gp/T/5c3e734a-6dc2-4863-8b64-f62ebded4e7d/cTemp/mTemp/mobi-xzbQpM/https:/releaf.site/sites/default/files/styles/dalle/public/img/IMG_7658.jpeg?itok=Opd83Kr1","","","",""
"Notice","W14010: media file not found  /private/var/folders/26/56bpwjwj1jjdf17jfbmxt1d80000gp/T/5c3e734a-6dc2-4863-8b64-f62ebded4e7d/cTemp/sites/default/files/img/IMG_7593.jpg","","","",""
"Notice","W14010: media file not found  /private/var/folders/26/56bpwjwj1jjdf17jfbmxt1d80000gp/T/5c3e734a-6dc2-4863-8b64-f62ebded4e7d/cTemp/sites/default/files/styles/dalle/public/img/IMG_759341d6.jpg?itok=-3pueipe","","","",""
"Notice","W14010: media file not found  /private/var/folders/26/56bpwjwj1jjdf17jfbmxt1d80000gp/T/5c3e734a-6dc2-4863-8b64-f62ebded4e7d/cTemp/sites/default/files/img/7E9A3573-5D2E-4E87-A50C-5DB3E9130DA9_Original.jpg","","","",""
"Notice","W14010: media file not found  /private/var/folders/26/56bpwjwj1jjdf17jfbmxt1d80000gp/T/5c3e734a-6dc2-4863-8b64-f62ebded4e7d/cTemp/sites/default/files/styles/dalle/public/img/7E9A3573-5D2E-4E87-A50C-5DB3E9130DA9_Original7221.jpg?itok=k3CHEkWC","","","",""
"Notice","W14010: media file not found  /private/var/folders/26/56bpwjwj1jjdf17jfbmxt1d80000gp/T/5c3e734a-6dc2-4863-8b64-f62ebded4e7d/cTemp/sites/default/files/img/IMG_7683.jpg","","","",""
"Notice","W14010: media file not found  /private/var/folders/26/56bpwjwj1jjdf17jfbmxt1d80000gp/T/5c3e734a-6dc2-4863-8b64-f62ebded4e7d/cTemp/sites/default/files/styles/dalle/public/img/IMG_7683ecc2.jpg?itok=6dPP9bRf","","","",""
"Notice","W14010: media file not found  /private/var/folders/26/56bpwjwj1jjdf17jfbmxt1d80000gp/T/5c3e734a-6dc2-4863-8b64-f62ebded4e7d/cTemp/sites/default/files/img/IMG_7668.jpg","","","",""
"Notice","W14010: media file not found  /private/var/folders/26/56bpwjwj1jjdf17jfbmxt1d80000gp/T/5c3e734a-6dc2-4863-8b64-f62ebded4e7d/cTemp/sites/default/files/styles/dalle/public/img/IMG_7668961d.jpg?itok=owjaLkW4","","","",""
"Notice","W14010: media file not found  /private/var/folders/26/56bpwjwj1jjdf17jfbmxt1d80000gp/T/5c3e734a-6dc2-4863-8b64-f62ebded4e7d/cTemp/sites/default/files/img/IMG_7665.jpg","","","",""
"Notice","W14010: media file not found  /private/var/folders/26/56bpwjwj1jjdf17jfbmxt1d80000gp/T/5c3e734a-6dc2-4863-8b64-f62ebded4e7d/cTemp/sites/default/files/styles/dalle/public/img/IMG_766550a2.jpg?itok=FfMuM-ut","","","",""
"Notice","W14010: media file not found  /private/var/folders/26/56bpwjwj1jjdf17jfbmxt1d80000gp/T/5c3e734a-6dc2-4863-8b64-f62ebded4e7d/cTemp/sites/default/files/img/IMG_8555.jpg","","","",""
"Notice","W14010: media file not found  /private/var/folders/26/56bpwjwj1jjdf17jfbmxt1d80000gp/T/5c3e734a-6dc2-4863-8b64-f62ebded4e7d/cTemp/sites/default/files/styles/dalle/public/img/IMG_8555e04d.jpg?itok=kKehaXNo","","","",""
"Notice","W14010: media file not found  /private/var/folders/26/56bpwjwj1jjdf17jfbmxt1d80000gp/T/5c3e734a-6dc2-4863-8b64-f62ebded4e7d/cTemp/sites/default/files/img/IMG_8560.jpg","","","",""
"Notice","W14010: media file not found  /private/var/folders/26/56bpwjwj1jjdf17jfbmxt1d80000gp/T/5c3e734a-6dc2-4863-8b64-f62ebded4e7d/cTemp/sites/default/files/styles/dalle/public/img/IMG_8560751f.jpg?itok=8UMQrA7p","","","",""
"Notice","W14010: media file not found  /private/var/folders/26/56bpwjwj1jjdf17jfbmxt1d80000gp/T/5c3e734a-6dc2-4863-8b64-f62ebded4e7d/cTemp/sites/default/files/img/IMG_0028.jpg","","","",""
"Notice","W14010: media file not found  /private/var/folders/26/56bpwjwj1jjdf17jfbmxt1d80000gp/T/5c3e734a-6dc2-4863-8b64-f62ebded4e7d/cTemp/sites/default/files/styles/dalle/public/img/IMG_002884e1.jpg?itok=r1d-b1eB","","","",""
"Notice","W14010: media file not found  /private/var/folders/26/56bpwjwj1jjdf17jfbmxt1d80000gp/T/5c3e734a-6dc2-4863-8b64-f62ebded4e7d/cTemp/sites/default/files/img/IMG_7617.jpg","","","",""
"Notice","W14010: media file not found  /private/var/folders/26/56bpwjwj1jjdf17jfbmxt1d80000gp/T/5c3e734a-6dc2-4863-8b64-f62ebded4e7d/cTemp/sites/default/files/styles/dalle/public/img/IMG_7617baa4.jpg?itok=S1y_HTRT","","","",""
"Notice","W14010: media file not found  /private/var/folders/26/56bpwjwj1jjdf17jfbmxt1d80000gp/T/5c3e734a-6dc2-4863-8b64-f62ebded4e7d/cTemp/sites/default/files/img/IMG_7633.jpg","","","",""
"Notice","W14010: media file not found  /private/var/folders/26/56bpwjwj1jjdf17jfbmxt1d80000gp/T/5c3e734a-6dc2-4863-8b64-f62ebded4e7d/cTemp/sites/default/files/styles/dalle/public/img/IMG_763318ed.jpg?itok=Chpl1cQO","","","",""
"Notice","W14010: media file not found  /private/var/folders/26/56bpwjwj1jjdf17jfbmxt1d80000gp/T/5c3e734a-6dc2-4863-8b64-f62ebded4e7d/cTemp/sites/default/files/img/IMG_7619.jpg","","","",""
"Notice","W14010: media file not found  /private/var/folders/26/56bpwjwj1jjdf17jfbmxt1d80000gp/T/5c3e734a-6dc2-4863-8b64-f62ebded4e7d/cTemp/sites/default/files/styles/dalle/public/img/IMG_7619fb1b.jpg?itok=IHSSZbrv","","","",""
"Notice","W14010: media file not found  /private/var/folders/26/56bpwjwj1jjdf17jfbmxt1d80000gp/T/5c3e734a-6dc2-4863-8b64-f62ebded4e7d/cTemp/sites/default/files/img/IMG_7615.jpg","","","",""
"Notice","W14010: media file not found  /private/var/folders/26/56bpwjwj1jjdf17jfbmxt1d80000gp/T/5c3e734a-6dc2-4863-8b64-f62ebded4e7d/cTemp/sites/default/files/styles/dalle/public/img/IMG_76154c72.jpg?itok=qXuxb20w","","","",""
"Notice","W14010: media file not found  /private/var/folders/26/56bpwjwj1jjdf17jfbmxt1d80000gp/T/5c3e734a-6dc2-4863-8b64-f62ebded4e7d/cTemp/sites/default/files/img/IMG_7648.jpg","","","",""
"Notice","W14010: media file not found  /private/var/folders/26/56bpwjwj1jjdf17jfbmxt1d80000gp/T/5c3e734a-6dc2-4863-8b64-f62ebded4e7d/cTemp/sites/default/files/styles/dalle/public/img/IMG_764869e4.jpg?itok=3HLel7JK","","","",""
"Notice","W14010: media file not found  /private/var/folders/26/56bpwjwj1jjdf17jfbmxt1d80000gp/T/5c3e734a-6dc2-4863-8b64-f62ebded4e7d/cTemp/sites/default/files/img/IMG_7644.jpg","","","",""
"Notice","W14010: media file not found  /private/var/folders/26/56bpwjwj1jjdf17jfbmxt1d80000gp/T/5c3e734a-6dc2-4863-8b64-f62ebded4e7d/cTemp/sites/default/files/styles/dalle/public/img/IMG_76442264.jpg?itok=RyguTMFY","","","",""
"Notice","W14010: media file not found  /private/var/folders/26/56bpwjwj1jjdf17jfbmxt1d80000gp/T/5c3e734a-6dc2-4863-8b64-f62ebded4e7d/cTemp/sites/default/files/img/IMG_7640.jpg","","","",""
"Notice","W14010: media file not found  /private/var/folders/26/56bpwjwj1jjdf17jfbmxt1d80000gp/T/5c3e734a-6dc2-4863-8b64-f62ebded4e7d/cTemp/sites/default/files/styles/dalle/public/img/IMG_76405030.jpg?itok=0imES0PT","","","",""
"Notice","W14010: media file not found  /private/var/folders/26/56bpwjwj1jjdf17jfbmxt1d80000gp/T/5c3e734a-6dc2-4863-8b64-f62ebded4e7d/cTemp/sites/default/files/img/IMG_7645.jpg","","","",""
"Notice","W14010: media file not found  /private/var/folders/26/56bpwjwj1jjdf17jfbmxt1d80000gp/T/5c3e734a-6dc2-4863-8b64-f62ebded4e7d/cTemp/sites/default/files/styles/dalle/public/img/IMG_7645310f.jpg?itok=QLQOMlcZ","","","",""
"Notice","W14010: media file not found  /private/var/folders/26/56bpwjwj1jjdf17jfbmxt1d80000gp/T/5c3e734a-6dc2-4863-8b64-f62ebded4e7d/cTemp/sites/default/files/img/IMG_7691.jpg","","","",""
"Notice","W14010: media file not found  /private/var/folders/26/56bpwjwj1jjdf17jfbmxt1d80000gp/T/5c3e734a-6dc2-4863-8b64-f62ebded4e7d/cTemp/sites/default/files/styles/dalle/public/img/IMG_76915feb.jpg?itok=ShRJ75vM","","","",""
"Notice","W14010: media file not found  /private/var/folders/26/56bpwjwj1jjdf17jfbmxt1d80000gp/T/5c3e734a-6dc2-4863-8b64-f62ebded4e7d/cTemp/sites/default/files/img/IMG_7695.jpg","","","",""
"Notice","W14010: media file not found  /private/var/folders/26/56bpwjwj1jjdf17jfbmxt1d80000gp/T/5c3e734a-6dc2-4863-8b64-f62ebded4e7d/cTemp/sites/default/files/styles/dalle/public/img/IMG_76955fe2.jpg?itok=YB8N9lvA","","","",""
"Notice","W14010: media file not found  /private/var/folders/26/56bpwjwj1jjdf17jfbmxt1d80000gp/T/5c3e734a-6dc2-4863-8b64-f62ebded4e7d/cTemp/sites/default/files/img/IMG_0051.jpg","","","",""
"Notice","W14010: media file not found  /private/var/folders/26/56bpwjwj1jjdf17jfbmxt1d80000gp/T/5c3e734a-6dc2-4863-8b64-f62ebded4e7d/cTemp/sites/default/files/styles/dalle/public/img/IMG_0051fd80.jpg?itok=BOXLAYT7","","","",""
"Notice","W14010: media file not found  /private/var/folders/26/56bpwjwj1jjdf17jfbmxt1d80000gp/T/5c3e734a-6dc2-4863-8b64-f62ebded4e7d/cTemp/sites/default/files/img/IMG_7465.jpg","","","",""
"Notice","W14010: media file not found  /private/var/folders/26/56bpwjwj1jjdf17jfbmxt1d80000gp/T/5c3e734a-6dc2-4863-8b64-f62ebded4e7d/cTemp/sites/default/files/styles/dalle/public/img/IMG_7465754a.jpg?itok=CZJopFJH","","","",""
"Notice","W14010: media file not found  /private/var/folders/26/56bpwjwj1jjdf17jfbmxt1d80000gp/T/5c3e734a-6dc2-4863-8b64-f62ebded4e7d/cTemp/sites/default/files/img/IMG_7598.jpg","","","",""
"Notice","W14010: media file not found  /private/var/folders/26/56bpwjwj1jjdf17jfbmxt1d80000gp/T/5c3e734a-6dc2-4863-8b64-f62ebded4e7d/cTemp/sites/default/files/styles/dalle/public/img/IMG_7598629f.jpg?itok=dwFfmeXV","","","",""
"Notice","W14010: media file not found  /private/var/folders/26/56bpwjwj1jjdf17jfbmxt1d80000gp/T/5c3e734a-6dc2-4863-8b64-f62ebded4e7d/cTemp/sites/default/files/img/IMG_7654.jpg","","","",""
"Notice","W14010: media file not found  /private/var/folders/26/56bpwjwj1jjdf17jfbmxt1d80000gp/T/5c3e734a-6dc2-4863-8b64-f62ebded4e7d/cTemp/sites/default/files/styles/dalle/public/img/IMG_765450ea.jpg?itok=_TocRGx7","","","",""
"Notice","W14010: media file not found  /private/var/folders/26/56bpwjwj1jjdf17jfbmxt1d80000gp/T/5c3e734a-6dc2-4863-8b64-f62ebded4e7d/cTemp/sites/default/files/img/IMG_7685.jpg","","","",""
"Notice","W14010: media file not found  /private/var/folders/26/56bpwjwj1jjdf17jfbmxt1d80000gp/T/5c3e734a-6dc2-4863-8b64-f62ebded4e7d/cTemp/sites/default/files/styles/dalle/public/img/IMG_768576df.jpg?itok=ZHo7lgUn","","","",""
"Status","Book conversion failed."
